user_id,email,first_name,last_name,phone_number,date_of_birth,address,city,state,country,postal_code,policy_number,policy_type,policy_start_date,policy_end_date,premium_amount,coverage_amount,account_created_at,account_age_days,account_status,is_verified,risk_category,claim_frequency,fraud_propensity,total_claims_count,total_claims_amount,fraud_flags_count
cbc76764-359f-4ac5-92d2-da614e5dbb38,user0000@example.com,Thomas,Villa,407.421.7340x242,1992-08-31,98306 Jack Freeway Suite 540,Boston,MA,USA,12840,POL-000000,health,2025-11-07,2027-11-07,7819.17,361325.7,2025-11-07,69,active,True,medium,medium,0.14387944784599707,13,39831.32,3
2e87d417-92d4-4abf-ad7a-b83ad9dce496,user0001@example.com,Cory,Gibbs,642-948-4202x4350,1973-11-24,86156 Smith Unions,Nashville,TN,USA,75992,POL-000001,auto,2025-06-29,2027-06-29,1678.32,96108.8,2025-06-29,200,active,True,low,low,0.03655692968943125,6,11983.05,0
61c39dfa-2f82-4a01-a7a6-1d5d55e45732,user0002@example.com,Kyle,Bell,+1-389-213-7054x245,1979-07-15,1103 Reyes Ridges,Lincoln,NE,USA,35519,POL-000002,health,2022-06-18,2023-06-18,9346.84,313804.01,2022-06-18,1307,active,True,low,low,0.037165395321875634,4,8117.59,0
64c2ae7f-dd00-465e-871a-30f042801728,user0003@example.com,Becky,Branch,4234766696,1983-02-02,86194 Mary Road,Laredo,TX,USA,71511,POL-000003,life,2021-12-10,2022-12-10,14428.59,1208509.81,2021-12-10,1497,active,True,high,high,0.37274507641590726,21,22147.22,7
ded81030-ab4d-4430-acf0-0bf264c2b464,user0004@example.com,James,Rhodes,+1-534-624-2406x628,1973-10-28,8893 Jonathan Mountains,Indianapolis,IN,USA,49119,POL-000004,health,2024-12-12,2026-12-12,14763.3,387302.77,2024-12-12,399,active,True,low,low,0.027598227531102464,4,53605.630000000005,0
6a574ec4-6f3e-4be3-93b1-aacd919294c1,user0005@example.com,Susan,Rose,(494)708-6542x43826,1969-12-18,3509 Martin Trace Suite 947,Nashville,TN,USA,83280,POL-000005,auto,2021-07-20,2022-07-20,2391.37,98995.05,2021-07-20,1640,active,True,low,low,0.07858937966887322,9,15664.58,0
4d495a13-a1c7-4258-aa70-95ef4f0f251f,user0006@example.com,John,Simmons,+1-664-953-5917x650,1957-04-07,09954 Andrea Motorway,San Diego,CA,USA,28323,POL-000006,home,2025-05-13,2027-05-13,4350.83,361845.48,2025-05-13,247,active,True,high,high,0.3488352709862286,24,90609.05,10
62e60ead-f832-4046-8a03-df452b11df4e,user0007@example.com,Valerie,Stevenson,+1-966-286-6798x994,1973-09-26,0690 Meghan Road,Austin,TX,USA,58213,POL-000007,home,2025-09-16,2026-09-16,1959.85,321248.56,2025-09-16,121,active,True,medium,medium,0.15067102909055988,18,55287.44,2
bc7eb9e4-f589-4c3a-9842-c8b50a1232a2,user0008@example.com,Christopher,Richmond,884.871.5675,1992-04-03,518 Acevedo Spur,Plano,TX,USA,13073,POL-000008,home,2025-07-30,2026-07-30,3915.6,636521.86,2025-07-30,169,active,True,high,high,0.3382189098201782,14,16079.24,3
f6ba3576-c11c-4031-8ca1-5ae3612aaf98,user0009@example.com,Eileen,Green,001-723-243-5969x8504,1987-06-28,9375 Williams Views Suite 286,Henderson,NV,USA,09951,POL-000009,health,2022-12-16,2024-12-15,7237.18,275497.06,2022-12-16,1126,active,True,low,low,0.05723341082140751,13,83395.75,0
2181eb0c-8ac0-413d-aece-d24a4fbdb27d,user0010@example.com,Jacqueline,Matthews,871-640-2503x85762,1979-11-11,638 Berry Trace,Los Angeles,CA,USA,98628,POL-000010,auto,2023-05-25,2024-05-24,4720.68,262366.11,2023-05-25,966,active,True,medium,medium,0.15770574352840547,16,100126.0,4
d5ff6198-2611-45a0-a522-92a2275208b5,user0011@example.com,Anita,Williams,(835)785-3010x1278,1954-11-30,48527 Bell Lane,San Jose,CA,USA,62740,POL-000011,auto,2023-01-27,2024-01-27,2733.01,239134.79,2023-01-27,1084,active,True,medium,medium,0.12219764500103879,19,29352.86,2
1ab5b1df-b61d-4eb5-b079-7d5e98b8f7fe,user0012@example.com,Javier,Murphy,(603)863-4443,1979-07-17,331 Emily Drive Apt. 357,Madison,WI,USA,89581,POL-000012,auto,2021-04-13,2023-04-13,2749.03,218161.09,2021-04-13,1738,active,True,high,high,0.3587180462437579,20,45532.4,11
844f08fb-daa8-4e2d-a924-2b11c417c3c4,user0013@example.com,Thomas,Kirby,9738174457,1960-01-29,63678 Horton Pass Suite 747,Boston,MA,USA,49565,POL-000013,auto,2023-02-22,2025-02-21,5894.64,236407.08,2023-02-22,1058,active,True,medium,medium,0.17325204005007677,15,37978.59,1
718778d7-6aae-493b-b4e2-5382ba7495cf,user0014@example.com,Gabrielle,Santos,885-929-5377x4037,1974-05-23,0420 Fisher Knoll Apt. 497,San Diego,CA,USA,46472,POL-000014,auto,2024-02-07,2025-02-06,5424.06,232480.88,2024-02-07,708,active,True,high,high,0.25925118754314364,22,47708.92,7
82fc7261-06bb-4844-be8f-3afb7db6b5e6,user0015@example.com,Christopher,Stewart,733.809.9000x9406,1970-10-01,44538 Pena Manors,St. Louis,MO,USA,48402,POL-000015,home,2022-01-13,2024-01-13,4733.28,589725.78,2022-01-13,1463,active,True,low,low,0.04759890018068605,10,16732.91,0
363ab00c-4e23-4a4d-b49c-038eca925935,user0016@example.com,Stephanie,Mcintyre,+1-526-660-0047x09110,1983-12-18,1199 Bass Common Apt. 815,Jacksonville,FL,USA,66349,POL-000016,auto,2022-04-08,2023-04-08,2754.65,271389.86,2022-04-08,1378,active,True,low,low,0.07294455118662731,10,29607.059999999998,0
b28c1b66-dbfd-41f9-b005-1854b6ccb142,user0017@example.com,Suzanne,Cobb,966-214-4776x186,1966-04-26,966 Kelley Drive Apt. 525,Columbus,OH,USA,53469,POL-000017,health,2022-02-10,2024-02-10,16699.38,556976.94,2022-02-10,1435,active,True,low,low,0.026608536975137986,8,42805.81,0
49708618-c70d-48fe-a5f7-cccb0ca26255,user0018@example.com,Caroline,Brooks,291.742.3302x92764,1966-03-06,398 Thompson Drives Apt. 405,Atlanta,GA,USA,09313,POL-000018,auto,2022-10-02,2023-10-02,1588.91,140024.91,2022-10-02,1201,active,True,low,low,0.03540980226351111,8,15831.730000000001,1
b7412a93-a22c-4baf-8f39-d79b2b84d765,user0019@example.com,Christopher,Price,3476473389,1976-05-10,47442 Jacob Rest Suite 410,Atlanta,GA,USA,98320,POL-000019,auto,2022-02-12,2023-02-12,3009.45,299962.31,2022-02-12,1433,active,True,low,low,0.05832035816722432,15,43278.56,0
fc77a445-6251-42f6-a2dc-af0c2752afab,user0020@example.com,Garrett,Bowen,373.551.8664x77413,2003-04-28,302 Palmer Flat,Boston,MA,USA,35567,POL-000020,auto,2025-05-28,2027-05-28,5533.88,288765.8,2025-05-28,232,active,True,high,high,0.2501902115373235,21,69049.05,7
f628abb3-9462-419b-a1dc-aac3451cff57,user0021@example.com,Tara,Barton,+1-315-939-8852,1981-12-17,9909 Mccarthy Springs Apt. 286,Columbus,OH,USA,43793,POL-000021,auto,2025-07-16,2027-07-16,5779.49,241819.79,2025-07-16,183,active,True,low,low,0.049021449388807634,7,17630.7,0
d2edb3bb-7be5-4ede-9439-5a2199fb19a6,user0022@example.com,April,Eaton,367-559-2383,1968-01-30,003 Lori Way,Long Beach,CA,USA,50987,POL-000022,health,2022-11-04,2023-11-04,30461.1,899877.24,2022-11-04,1168,active,True,medium,medium,0.1394822671119629,7,35602.869999999995,0
d02dbe18-6c2f-464a-af79-439215740a5a,user0023@example.com,David,Lawson,(242)319-5973,1960-02-05,73411 Cummings Corners Apt. 315,Kansas City,MO,USA,84533,POL-000023,auto,2021-12-25,2023-12-25,3328.4,180048.65,2021-12-25,1482,active,True,low,low,0.020918635197614326,7,10951.12,0
2a181929-d5ed-43b4-a8f9-fb3bcd118c0a,user0024@example.com,James,Brown,953-903-0440,1980-12-10,96598 Alvarado Island,Chandler,AZ,USA,42413,POL-000024,home,2022-10-26,2024-10-25,6028.56,685621.73,2022-10-26,1177,active,True,low,low,0.02283349258968529,5,14386.37,0
9268815b-bc37-419b-9235-0d4ba5ba3dda,user0025@example.com,Judith,Zimmerman,345.441.8299,1973-08-15,2064 Sarah Street Apt. 061,Phoenix,AZ,USA,91566,POL-000025,auto,2023-04-27,2024-04-26,2434.44,138732.8,2023-04-27,994,active,True,high,high,0.32399212410078404,21,29938.51,8
24578b68-edee-4c1b-9fc9-c6f55860723c,user0026@example.com,Tina,James,+1-410-808-2242x168,1997-11-04,17562 Houston Port,Atlanta,GA,USA,50499,POL-000026,auto,2024-10-11,2025-10-11,3629.75,293019.83,2024-10-11,461,active,True,low,low,0.041249251805569695,9,11086.18,1
5999ac11-215b-418c-8d32-43536d311909,user0027@example.com,Anthony,Lee,479-410-0593x257,1982-01-05,32200 Durham Grove Suite 972,Dallas,TX,USA,33804,POL-000027,health,2025-10-23,2027-10-23,7178.96,293961.57,2025-10-23,84,active,True,low,low,0.06375265691005119,6,10463.73,1
6d26a378-b989-4d1f-86e3-9e7b73431f6e,user0028@example.com,Angela,Crosby,(295)414-5205,2003-01-09,60480 Lacey Village Apt. 406,Nashville,TN,USA,47505,POL-000028,auto,2025-01-23,2026-01-23,984.15,96881.81,2025-01-23,357,active,True,low,low,0.025485576131702554,5,13871.29,0
a8aa65bf-23d6-47da-a32f-05b66446a060,user0029@example.com,Olivia,Baker,(895)609-0418x9856,1961-11-19,5562 Zachary Overpass,Seattle,WA,USA,70079,POL-000029,auto,2025-04-09,2026-04-09,1548.16,131936.81,2025-04-09,281,active,True,high,high,0.3082946418410654,24,86869.06,8
ddd99d38-5227-4ece-a25d-1babf1dd38ed,user0030@example.com,William,Luna,(256)399-3136x0622,2007-08-04,604 Rivas Harbor,Miami,FL,USA,87717,POL-000030,health,2023-07-31,2024-07-30,37342.93,991673.93,2023-07-31,899,active,True,high,high,0.3209485890547229,19,96084.13,5
66c38ea8-0f27-4696-8427-20b6f2007083,user0031@example.com,Rachel,Miller,001-690-738-0351,1992-05-15,944 Brianna Terrace,Atlanta,GA,USA,16496,POL-000031,home,2024-10-20,2026-10-20,4086.32,741816.72,2024-10-20,452,active,True,low,low,0.07181340817989858,6,7213.4,0
914e0ee7-4f06-4f0b-8b78-7a0ff6028c56,user0032@example.com,Lisa,Simon,(534)272-8395x167,1997-08-08,326 Smith Point Suite 886,Fresno,CA,USA,82655,POL-000032,auto,2022-05-03,2024-05-02,3098.62,282093.14,2022-05-03,1353,active,True,medium,medium,0.16395294656487716,13,45568.729999999996,2
c482e1a0-38e9-4a21-8ff3-790fa728d656,user0033@example.com,Kayla,Davenport,562-492-5822x82801,1964-04-11,68856 Maldonado Village,Atlanta,GA,USA,55866,POL-000033,auto,2023-09-06,2024-09-05,3197.59,141141.61,2023-09-06,862,active,True,medium,medium,0.13559542151761278,11,33450.7,3
60455705-f199-4359-b7c7-48876bea21d3,user0034@example.com,Robert,Simpson,6967458374,1998-03-26,2135 Christopher Neck Suite 559,Phoenix,AZ,USA,82880,POL-000034,health,2023-06-18,2024-06-17,17925.43,742246.63,2023-06-18,942,active,True,low,low,0.054128764186032366,8,17855.48,1
c04b1d82-e352-49dc-8f32-ff529f15866a,user0035@example.com,Wesley,Dean,787-341-1486x267,1998-09-14,976 Cook Grove,San Antonio,TX,USA,80864,POL-000035,life,2021-10-30,2022-10-30,6850.46,959208.69,2021-10-30,1538,active,True,low,low,0.043366080804660395,5,4316.21,0
77da7536-6984-4da5-b65f-88cc1918a438,user0036@example.com,Kristin,Jones,(264)519-6789x630,1970-05-24,16301 Johnston Run,Atlanta,GA,USA,84295,POL-000036,health,2023-01-25,2025-01-24,24117.72,893125.61,2023-01-25,1086,active,True,low,low,0.024995459483037927,7,30644.420000000002,0
468369b2-3703-406f-9d9c-00dbf5d2db8c,user0037@example.com,Sandra,Thomas,648.834.9276x68098,1988-01-09,80403 Renee Plaza,Mesa,AZ,USA,01157,POL-000037,health,2021-10-24,2023-10-24,14804.82,498389.36,2021-10-24,1544,active,True,low,low,0.0666745644049122,6,13794.33,1
594be33b-8aa7-44f8-a91c-1aebda9f72a2,user0038@example.com,Melissa,Harrell,835.286.6715x544,1970-01-19,0967 Velazquez Views,Indianapolis,IN,USA,53309,POL-000038,auto,2021-05-25,2022-05-25,2537.32,141835.13,2021-05-25,1696,active,True,low,low,0.06852796667006904,7,10300.650000000001,0
8d395ef3-c3b5-473d-b34f-08549ebe92ef,user0039@example.com,Devin,Taylor,+1-853-964-9911x9285,1992-11-22,502 Natasha Knolls,Baltimore,MD,USA,42572,POL-000039,health,2024-03-14,2025-03-14,8750.92,342495.5,2024-03-14,672,active,True,low,low,0.07600478762140729,5,12424.0,0
68c900ee-6ba3-43f5-b118-6dca49f97fa0,user0040@example.com,Melissa,Banks,+1-438-830-7755x82126,1965-02-09,7844 Smith Points Apt. 751,New York,NY,USA,87834,POL-000040,home,2024-08-25,2026-08-25,2432.76,217579.67,2024-08-25,508,active,True,low,low,0.05057053239345211,10,53954.31,1
f9df980a-5cd2-4a0f-9035-46ca3fd22297,user0041@example.com,Anna,Hudson,498-617-7551,1967-05-18,253 Ruben Harbor Apt. 838,Jacksonville,FL,USA,84923,POL-000041,auto,2024-12-10,2026-12-10,2385.72,98334.81,2024-12-10,401,active,True,low,low,0.044521973736256035,6,14273.1,0
fe52f105-7ec8-412a-9288-5c62916df8a2,user0042@example.com,Ashley,Nelson,665.565.9070x554,1987-01-30,68771 Heath Union Apt. 209,Detroit,MI,USA,35317,POL-000042,auto,2022-09-20,2024-09-19,4143.69,229295.36,2022-09-20,1213,active,True,low,low,0.050522359052976,13,14912.74,1
52befcb7-212f-40d8-846b-4d765e027f6d,user0043@example.com,Michele,Brown,(334)315-3597x7100,2005-02-14,7349 Allen Cliffs Suite 872,Madison,WI,USA,23169,POL-000043,auto,2024-11-15,2025-11-15,1648.52,97483.69,2024-11-15,426,active,True,medium,medium,0.14290238896895527,13,36889.42,2
a1c64504-194d-4862-ae0c-a12139abe247,user0044@example.com,Michael,Hayden,964-513-5474x16855,1985-12-22,32855 Tran Village Suite 794,Miami,FL,USA,64437,POL-000044,health,2022-10-19,2023-10-19,23876.07,842065.36,2022-10-19,1184,active,True,medium,medium,0.12584680728209202,17,163507.08,3
c4386171-a202-406f-87c6-4912f42ef250,user0045@example.com,Walter,Valdez,(202)684-1362x3347,1951-02-05,6971 Blair Park,Lincoln,NE,USA,88245,POL-000045,home,2022-11-06,2023-11-06,3175.26,625842.25,2022-11-06,1166,active,True,high,high,0.32773085982737815,19,72569.67,7
3749c786-f514-4ffc-9fed-16b0da5470fe,user0046@example.com,Jennifer,Roman,001-934-618-5595x083,1971-08-31,17039 Garcia Club Suite 590,Lincoln,NE,USA,86884,POL-000046,life,2023-12-27,2024-12-26,13381.55,1127050.08,2023-12-27,750,active,True,high,high,0.3917525641372741,12,11477.119999999999,6
b543c3dc-d8b5-44e7-bad2-08cdfd0fc578,user0047@example.com,Katherine,Gonzales,8674949078,2004-10-19,1621 Lane Tunnel Apt. 896,Memphis,TN,USA,58850,POL-000047,home,2025-04-08,2027-04-08,3337.55,344147.01,2025-04-08,282,active,True,low,low,0.0473279343203817,4,6997.52,0
cf5ec262-7475-4fbd-b7ce-201410a59ac6,user0048@example.com,John,Bolton,(573)655-8960x70722,1995-03-24,51390 Joseph Causeway,Dallas,TX,USA,79616,POL-000048,auto,2023-01-17,2024-01-17,3950.16,175929.86,2023-01-17,1094,active,True,low,low,0.05984073368405614,4,17448.83,0
4e613985-11d3-4174-a7fb-4b0f345e263d,user0049@example.com,Meredith,Martin,+1-649-236-6357x9671,1961-05-29,073 Schroeder Mews,Milwaukee,WI,USA,48310,POL-000049,life,2023-05-18,2024-05-17,2783.12,497761.96,2023-05-18,973,active,True,high,high,0.36119630625261434,24,16927.14,4
24a50284-2a43-46e4-b84f-f253a348a80f,user0050@example.com,Eric,Holloway,825.326.3794x12886,1955-03-03,232 Joseph Shoals,Sacramento,CA,USA,22310,POL-000050,health,2023-11-03,2024-11-02,19599.4,640481.29,2023-11-03,804,active,True,high,high,0.25417615768938795,24,189536.22,5
7d0b6bc1-e473-4c86-89e7-89fd91c100ff,user0051@example.com,Erik,Gray,897-789-2594,1976-03-23,465 Henry Spur Suite 441,Cincinnati,OH,USA,14837,POL-000051,home,2022-08-25,2024-08-24,6640.04,534351.1,2022-08-25,1239,active,True,low,low,0.036786015853222456,7,5947.41,0
bea12d72-ce28-45cd-a1ea-66fa4286082e,user0052@example.com,Laura,Watts,+1-351-536-7380x52038,1975-10-28,418 Atkins Common Suite 622,Stockton,CA,USA,04158,POL-000052,home,2023-08-22,2025-08-21,7758.26,650096.5,2023-08-22,877,active,True,low,low,0.07943856423033074,7,29204.43,1
6decfca7-5455-4fd8-89b2-e26809d93e49,user0053@example.com,Jose,Boyd,435.540.1127,2002-11-25,08764 Velez Cape,Baltimore,MD,USA,96486,POL-000053,auto,2025-10-07,2027-10-07,3660.13,160150.78,2025-10-07,100,active,True,low,low,0.06105254451130919,7,19515.920000000002,1
9864be24-299a-4411-93a7-1defeafc195d,user0054@example.com,Victoria,Stanley,961.383.7629x5076,1986-12-15,72048 Hoffman Shoals,Chandler,AZ,USA,39796,POL-000054,auto,2023-11-26,2024-11-25,4064.86,272149.82,2023-11-26,781,active,True,high,high,0.29718814501211,19,44123.54,5
b6a938a2-cb32-4fcd-81a8-7056a88bac94,user0055@example.com,Peter,Andrews,8329645649,1967-05-09,0539 Paul Glen,Dallas,TX,USA,75097,POL-000055,auto,2021-07-21,2022-07-21,3154.42,138057.74,2021-07-21,1639,active,True,high,high,0.30940817161532,25,53034.12,13
cbcb7edf-6da5-4b1f-b36a-c216c2db3bb0,user0056@example.com,Anne,Mckinney,703.342.5197x0181,1960-12-06,670 Ramirez Crest,Arlington,TX,USA,44031,POL-000056,auto,2021-03-15,2022-03-15,5975.57,278854.05,2021-03-15,1767,active,True,low,low,0.050306933344640384,8,12739.4,1
797829d0-de12-4f8e-93dd-4a1a8303625f,user0057@example.com,Carl,Wright,(925)726-0221x6908,1996-01-05,93358 Katelyn Views,San Francisco,CA,USA,39566,POL-000057,auto,2025-08-25,2027-08-25,2270.47,196687.03,2025-08-25,143,active,True,low,low,0.0638078112665855,8,23225.079999999998,1
5509ad9c-8b19-4edd-a826-2077cc12a727,user0058@example.com,Mary,Fowler,7656735174,1971-12-05,510 Jessica Hollow,Jacksonville,FL,USA,06672,POL-000058,home,2021-12-30,2022-12-30,3809.55,308524.71,2021-12-30,1477,active,True,medium,medium,0.14017151646711548,16,111230.88,3
65bc51c4-a4a7-448b-9cfa-4785160db18f,user0059@example.com,Kathy,Hernandez,+1-933-219-5589,2004-01-29,717 Miller Oval Apt. 305,San Francisco,CA,USA,54346,POL-000059,home,2025-07-28,2027-07-28,3268.11,531622.33,2025-07-28,171,active,True,medium,medium,0.13009101264129216,8,7008.24,2
8bd67588-197e-4532-a35b-867357c2ff75,user0060@example.com,Rebecca,Barry,712-546-0516x4838,1963-11-27,418 Gallagher Lodge Suite 760,Cincinnati,OH,USA,01731,POL-000060,auto,2023-07-16,2025-07-15,2419.52,230709.8,2023-07-16,914,active,True,low,low,0.055716610466243266,6,14156.56,0
f14209e4-a3d9-4e09-bb99-4b74aae2400b,user0061@example.com,Jeffrey,Nguyen,+1-897-931-7303x3249,1969-05-16,5104 Prince Walks Apt. 947,San Antonio,TX,USA,95575,POL-000061,home,2022-12-23,2024-12-22,2504.71,238160.86,2022-12-23,1119,active,True,high,high,0.37616442559241525,17,39028.45,4
cda47a96-2f23-42ec-8c80-1216bd83aae9,user0062@example.com,Megan,Weaver,(660)954-2707x995,1974-01-09,10797 Parker Mission,Chicago,IL,USA,47956,POL-000062,auto,2025-01-17,2026-01-17,3560.28,276663.32,2025-01-17,363,active,True,low,low,0.0569257349019756,4,4917.52,1
ade8044a-b38d-4c3a-870f-4c93e3bb9072,user0063@example.com,Julia,Barnes,728.697.2269x348,2004-09-30,90984 Rice Keys,San Jose,CA,USA,97709,POL-000063,auto,2022-06-27,2023-06-27,2360.03,116307.13,2022-06-27,1298,active,True,low,low,0.07692742986151509,11,33754.37,0
a5d7d113-b830-43da-ab62-4fc2ff314ee4,user0064@example.com,Megan,Gray,001-992-261-3826,1986-04-11,7795 Williams Shoal Apt. 996,Long Beach,CA,USA,19416,POL-000064,auto,2023-02-14,2024-02-14,2040.58,184530.25,2023-02-14,1066,active,True,medium,medium,0.19472263929045114,8,33164.97,1
bc0c583b-980a-4e7b-b754-644b664b7cbf,user0065@example.com,Tyler,Lawrence,001-471-410-7351x2896,1988-05-11,8243 Jesse Spur,Fresno,CA,USA,32201,POL-000065,health,2022-12-02,2024-12-01,26886.64,682767.82,2022-12-02,1140,active,True,medium,medium,0.17711663582918172,9,70385.28,2
d7323131-194a-4510-91c6-9810b623f25d,user0066@example.com,Douglas,Jensen,644.560.6069,1989-06-25,9523 Kim Lock,Austin,TX,USA,42852,POL-000066,auto,2021-04-18,2022-04-18,2166.89,182044.43,2021-04-18,1733,active,True,low,low,0.0555496087505843,3,5243.21,0
fb883b32-a2fb-420b-9f58-422b3e29e7ed,user0067@example.com,Carol,Davis,953.770.0644x88548,1964-04-09,804 Michael Inlet,Stockton,CA,USA,19266,POL-000067,auto,2024-12-05,2025-12-05,1714.59,98710.12,2024-12-05,406,active,True,medium,medium,0.1960402849271308,11,15929.05,2
19c0e149-da11-4a5c-b6ec-040478ead476,user0068@example.com,Adam,Wright,964.825.5078x688,1951-08-18,39221 Pam Orchard,New York,NY,USA,04981,POL-000068,health,2023-09-07,2024-09-06,16714.93,643413.48,2023-09-07,861,active,True,low,low,0.04464898373404566,7,27817.54,0
187e85f2-93cc-4f45-ba6c-7ffe8ba6b17f,user0069@example.com,Christopher,Novak,986-563-9928x79872,1997-12-19,2495 Thompson Viaduct,Indianapolis,IN,USA,15325,POL-000069,auto,2025-07-18,2026-07-18,1485.0,142959.2,2025-07-18,181,active,True,high,high,0.283266923790032,20,65797.83,6
33e96e9a-622d-4f58-b2b0-043116dcc66b,user0070@example.com,Elizabeth,Long,216-703-3288x8070,1954-08-06,87451 Sheila Drive,Houston,TX,USA,89774,POL-000070,auto,2023-05-29,2025-05-28,1711.35,168613.29,2023-05-29,962,active,True,low,low,0.02508596926557999,5,16815.08,1
ad353763-29f2-400b-9f56-6ba40a9acbde,user0071@example.com,Jacqueline,Goodwin,975-445-4164,1988-03-26,46627 Santos Brook,Tucson,AZ,USA,13303,POL-000071,auto,2021-10-31,2023-10-31,3272.3,137217.6,2021-10-31,1537,active,True,low,low,0.03239859109350232,2,659.34,1
ac4638ce-3d18-4e51-a59b-8fa84624d104,user0072@example.com,Richard,Becker,544.520.3607x854,1950-10-25,723 Raymond Station Apt. 601,Virginia Beach,VA,USA,34529,POL-000072,auto,2022-10-25,2023-10-25,5130.56,263668.76,2022-10-25,1178,active,True,low,low,0.06483416828237301,11,12074.45,0
a7c34392-2f18-4f14-b7d7-aa2354d8ab87,user0073@example.com,Tiffany,Hernandez,(967)214-8581,1955-08-03,196 Lynch Vista,Virginia Beach,VA,USA,63859,POL-000073,health,2022-09-18,2023-09-18,19561.31,664582.72,2022-09-18,1215,active,True,low,low,0.07758702718626288,5,74026.01,0
7e07a3b7-404c-421e-a67a-2db6471d6d7c,user0074@example.com,Anthony,Anderson,492-501-8285,1963-03-13,704 Karen Prairie,Kansas City,MO,USA,45126,POL-000074,health,2024-05-20,2026-05-20,16457.69,761917.18,2024-05-20,605,active,True,high,high,0.30391969327809154,16,102495.15,3
6ad9b863-641d-4c53-b603-8f90536d3a42,user0075@example.com,Brittney,Garcia,+1-355-611-6397,1984-12-05,5741 Melendez Hills,Seattle,WA,USA,74070,POL-000075,auto,2023-07-26,2025-07-25,1750.17,131526.51,2023-07-26,904,active,True,low,low,0.0755172916875893,6,8402.37,1
e624db5e-c114-4958-a3a1-694dfc4490df,user0076@example.com,Margaret,Aguilar,(362)459-1883,1967-06-18,736 Castillo Terrace Suite 434,Kansas City,MO,USA,26394,POL-000076,auto,2025-02-02,2026-02-02,4424.46,228640.59,2025-02-02,347,active,True,low,low,0.07823328024370975,11,14814.23,1
e25b3ae4-5909-47f5-b392-de63fd2b95fb,user0077@example.com,Matthew,Torres,587.229.6571x564,1998-06-18,48042 Ruiz Way,Austin,TX,USA,55388,POL-000077,home,2024-03-08,2026-03-08,2665.53,251669.67,2024-03-08,678,active,True,low,low,0.05016700651080083,8,14797.49,1
6ecd3e40-250b-4e00-ada3-8a13705b74a3,user0078@example.com,Courtney,Le,001-940-891-6573,1957-06-06,6225 Wheeler Bypass,Austin,TX,USA,29444,POL-000078,auto,2025-11-03,2026-11-03,3389.86,180457.72,2025-11-03,73,active,True,low,low,0.02050973471643257,6,6838.33,0
0e902310-ceac-4ace-b885-b5e3d8bac32d,user0079@example.com,Carol,Brown,001-814-601-5273x11722,2002-11-26,5690 Cynthia Pike Suite 293,Chandler,AZ,USA,28999,POL-000079,auto,2023-02-06,2024-02-06,1348.4,63233.98,2023-02-06,1074,active,True,medium,medium,0.1964140128382506,18,26737.32,4
a345fd7c-450d-459d-b034-afc3d70af92b,user0080@example.com,Cheryl,Mercer,974-922-9835x966,1996-04-11,3902 Ryan Estates,Henderson,NV,USA,97724,POL-000080,auto,2025-12-06,2026-12-06,2393.47,194234.03,2025-12-06,40,active,True,low,low,0.04137163660768277,5,6333.58,1
7b10e59d-3a65-4136-adf1-3ebddb12d8f5,user0081@example.com,Jessica,Young,800-332-9909x00647,2000-03-10,2787 Megan Squares Suite 540,Columbus,OH,USA,94138,POL-000081,auto,2022-07-17,2024-07-16,2858.06,155062.4,2022-07-17,1278,active,True,low,low,0.020351883673229678,9,14642.400000000001,0
722e625c-61ef-4aba-b551-7e83d1dcf3a0,user0082@example.com,Gregory,Wright,(597)692-0675x4939,2005-06-26,045 Jodi Skyway Apt. 528,Memphis,TN,USA,61948,POL-000082,auto,2025-08-22,2027-08-22,5395.61,226700.9,2025-08-22,146,active,True,high,high,0.2906025406452597,19,64998.28,9
68c4990b-16a1-4156-92a7-655f4a9621ed,user0083@example.com,Jeffrey,Bryant,781.533.0734,1986-07-11,23641 Elijah Trace,Austin,TX,USA,62845,POL-000083,health,2023-10-29,2025-10-28,32972.2,947715.03,2023-10-29,809,active,True,low,low,0.025197185651281644,5,23267.98,1
a71030b4-4b0d-45bb-bc5e-7798076bd8b5,user0084@example.com,Andrew,Hudson,(237)420-3350x516,1964-06-15,1071 Valentine Islands,Columbus,OH,USA,70535,POL-000084,home,2025-09-14,2027-09-14,1585.91,229489.03,2025-09-14,123,active,True,low,low,0.06743081645201886,2,1007.3499999999999,0
c0f5c5f8-073c-4c70-b914-bef16f7ad61e,user0085@example.com,Brian,Matthews,404-722-4564x119,1997-03-11,53807 Brenda Vista,Jacksonville,FL,USA,33199,POL-000085,home,2025-05-01,2027-05-01,4360.17,489727.12,2025-05-01,259,active,True,medium,medium,0.19272500343173854,13,65920.15,2
c5828b6b-09a0-4f1f-b4b9-2495ba9d45f3,user0086@example.com,Jessica,Blackwell,3537494197,1990-03-05,7166 Glenn Passage Apt. 463,Austin,TX,USA,02788,POL-000086,life,2025-02-23,2026-02-23,12571.8,948073.7,2025-02-23,326,active,True,medium,medium,0.19555709503056304,9,5679.43,2
c289f107-cfc0-4dfe-922a-b9a0461389c9,user0087@example.com,Ryan,Mcgee,(218)956-3520,1975-04-26,0420 Lawson Shoals,Plano,TX,USA,51017,POL-000087,auto,2025-03-27,2026-03-27,1485.14,82266.28,2025-03-27,294,active,True,low,low,0.07619421308425035,12,27141.34,0
7e65aab3-7989-4044-af57-08c48639a044,user0088@example.com,Michael,Pearson,+1-277-314-3360x809,1952-08-06,1039 Todd Passage Apt. 893,Miami,FL,USA,05516,POL-000088,health,2023-07-17,2024-07-16,6695.41,323031.2,2023-07-17,913,active,True,high,high,0.2652770897713574,14,52060.94,4
e0ad0887-ecb9-48a1-8d1a-c65fbbb03424,user0089@example.com,Terri,Myers,763-388-1687,1980-08-18,9050 Cook Locks Apt. 672,Philadelphia,PA,USA,69183,POL-000089,auto,2022-06-11,2024-06-10,3663.22,175424.79,2022-06-11,1314,active,True,low,low,0.02679387339554752,7,14601.529999999999,0
9488af9b-3c71-4b67-877d-816f740fb1be,user0090@example.com,Timothy,Moore,620.281.4723x7356,1977-01-27,083 Kayla Rapids,Jacksonville,FL,USA,58624,POL-000090,health,2021-03-17,2023-03-17,25084.71,975419.87,2021-03-17,1765,active,True,medium,medium,0.12568885665707494,13,46304.99,2
1318736e-7da1-4315-bd29-18bb2a972b1e,user0091@example.com,Abigail,George,+1-695-814-5498x3671,1977-12-04,6886 Watson Ways,New Orleans,LA,USA,74056,POL-000091,home,2025-10-18,2027-10-18,7247.41,690673.06,2025-10-18,89,active,True,medium,medium,0.19438333781044026,10,59660.68000000001,4
4ee1b49d-ed42-4c92-9807-46d63c1aa729,user0092@example.com,Travis,Garcia,(245)960-5956x34318,1962-03-11,02585 Rivera Turnpike,Los Angeles,CA,USA,28540,POL-000092,home,2022-09-22,2024-09-21,4276.83,565813.44,2022-09-22,1211,active,True,low,low,0.044424606762738815,3,3475.5,0
3cf83b40-13cc-41f8-a96c-becea592d807,user0093@example.com,Terry,Woods,403.816.7871,1956-04-15,720 Douglas Shores Apt. 254,Las Vegas,NV,USA,44674,POL-000093,home,2022-03-28,2024-03-27,3652.03,618468.7,2022-03-28,1389,active,True,low,low,0.04985175896164716,7,17573.58,0
861107ed-5eed-41b3-8070-ec7589a1a9bd,user0094@example.com,Dominique,Shea,590-980-9983x9767,1957-11-16,63034 Alicia Trail Apt. 009,Austin,TX,USA,10917,POL-000094,auto,2022-08-23,2024-08-22,4495.68,273059.48,2022-08-23,1241,active,True,medium,medium,0.13584024242460427,10,21687.33,1
87627176-3971-4964-8a12-66533ce76a02,user0095@example.com,Lawrence,Gilbert,+1-830-874-1799x654,1958-11-21,351 Moore Junction Apt. 756,Louisville,KY,USA,07799,POL-000095,home,2022-06-29,2024-06-28,5630.11,551336.78,2022-06-29,1296,active,True,low,low,0.028986627900854163,14,21584.09,0
a8b1d73b-f582-4809-8248-db4f50ade3e1,user0096@example.com,David,Johnson,740.356.7712,1988-04-11,1828 Matthew Loop,Portland,OR,USA,53263,POL-000096,home,2021-01-21,2022-01-21,5434.92,415400.46,2021-01-21,1820,active,True,medium,medium,0.15104467794087656,20,39375.92,3
3a8ef18d-8b49-4fdc-9e76-1b12a3e143ab,user0097@example.com,Jenna,Owen,(939)227-8844,1983-11-23,61527 Carr Village Suite 442,Tucson,AZ,USA,02442,POL-000097,auto,2023-03-12,2025-03-11,2899.37,236110.54,2023-03-12,1040,active,True,medium,medium,0.13042543904730328,17,26432.7,2
a8fd00fe-31b4-4a14-8e87-dda08e984222,user0098@example.com,Lauren,Green,+1-924-588-6313,1976-11-01,0311 Heather Light Suite 914,Atlanta,GA,USA,16429,POL-000098,auto,2021-10-05,2022-10-05,788.16,65813.35,2021-10-05,1563,active,True,medium,medium,0.18869959748236642,15,93694.33,6
35305118-9b46-4cb6-9eef-e30b27fe10c4,user0099@example.com,John,Berry,3613047189,1997-04-14,569 Pamela Stream,Anchorage,AK,USA,64228,POL-000099,home,2024-01-22,2025-01-21,5968.38,516547.77,2024-01-22,724,active,True,low,low,0.03399125326529698,9,10856.71,2
011a6f28-adef-4c86-a99a-60deb412ad67,user0100@example.com,Andrea,Waters,310-634-1413x1811,1950-08-08,32517 Kyle Mission Apt. 856,Plano,TX,USA,00679,POL-000100,health,2023-01-31,2024-01-31,3143.72,114512.18,2023-01-31,1080,active,True,low,low,0.04110258907752849,4,35345.119999999995,1
565d9f9f-2617-4089-b1ad-cf97c36d9772,user0101@example.com,Joshua,Williams,(771)848-7831x0314,1965-10-20,27579 Gibbs Motorway Suite 033,Albuquerque,NM,USA,59448,POL-000101,health,2023-11-25,2025-11-24,9928.16,296002.72,2023-11-25,782,active,True,low,low,0.06819272739464559,8,37950.31,2
b78e10b3-026e-4c12-abbb-3e72490524bc,user0102@example.com,Christine,Carpenter,870.693.3913x69412,1954-02-23,32675 Shelby Squares Apt. 576,Louisville,KY,USA,32146,POL-000102,health,2022-05-13,2024-05-12,15193.57,419976.82,2022-05-13,1343,active,True,medium,medium,0.14357610959084224,11,46738.049999999996,1
46dafa12-56dd-41a6-b8d6-6a65004dbc2c,user0103@example.com,Mary,Miller,+1-596-854-6125,1952-03-18,04748 Marshall Hills Suite 989,Dallas,TX,USA,36103,POL-000103,auto,2021-06-22,2023-06-22,2122.96,125691.9,2021-06-22,1668,active,True,medium,medium,0.18543707954793232,11,13903.26,3
f6c41d6f-12b2-4b4e-be32-2650c8268080,user0104@example.com,Zachary,Mcdonald,+1-936-710-0770x1773,1983-05-04,330 Rose Creek Apt. 719,Miami,FL,USA,92708,POL-000104,health,2023-08-01,2025-07-31,20058.28,912946.26,2023-08-01,898,active,True,low,low,0.033924714671969905,5,17859.36,0
5e02e132-34ec-4593-bfd1-eb4a5ef6d30e,user0105@example.com,Marilyn,Haney,890-921-4441x559,1966-03-29,84965 Bentley Forks,San Antonio,TX,USA,74890,POL-000105,health,2024-10-30,2026-10-30,10318.15,473596.46,2024-10-30,442,active,True,medium,medium,0.1550225181839696,11,55897.51,1
b7b43721-c39b-441f-841e-bacbcc6fd32a,user0106@example.com,Timothy,Frazier,435.830.0499,1986-05-17,61977 Dale Motorway Apt. 946,Indianapolis,IN,USA,91526,POL-000106,health,2025-12-18,2027-12-18,6139.74,167974.38,2025-12-18,28,active,True,low,low,0.045660145149450146,5,60855.01,0
3901340d-ce45-4614-a3fc-fe226fb1eeac,user0107@example.com,Joshua,Simpson,001-923-385-8653x9276,1965-03-01,49317 Alexander Bypass,Denver,CO,USA,56917,POL-000107,auto,2025-08-08,2027-08-08,1768.85,72425.23,2025-08-08,160,active,True,low,low,0.06843569895957502,6,20320.03,0
28c8b11d-d279-4174-b69c-2332437a0c1d,user0108@example.com,Michael,Davidson,535.779.2116x2506,1993-07-18,6398 Smith Hill Suite 570,Nashville,TN,USA,30749,POL-000108,life,2021-01-24,2022-01-24,5596.17,754733.53,2021-01-24,1817,active,True,low,low,0.0537898633072373,7,2947.01,0
18814b09-aad4-461d-8706-0c0c27947b07,user0109@example.com,John,Stanley,218.466.9255x2905,1972-08-16,01101 Coleman Mall,Memphis,TN,USA,09730,POL-000109,auto,2024-01-13,2025-01-12,3576.52,284611.91,2024-01-13,733,active,True,low,low,0.02679460709838919,7,17804.29,1
bab1cce5-3d74-41ab-ae6d-b61e8c7bbc7e,user0110@example.com,Steve,Hoffman,598-612-1300x882,1988-08-31,908 Woods Flat Apt. 104,Charlotte,NC,USA,87704,POL-000110,home,2025-04-07,2026-04-07,9394.92,796738.55,2025-04-07,283,active,True,high,high,0.26111123608156717,22,43196.03,8
fcd3f1ff-5470-4589-aa1a-4f4336fa9d94,user0111@example.com,David,Rhodes,436.455.6192x218,1951-04-04,86417 Brown Roads,Portland,OR,USA,82732,POL-000111,auto,2022-05-08,2024-05-07,2759.55,189469.8,2022-05-08,1348,active,True,low,low,0.02518745042720914,11,31282.54,1
5c927cef-2310-4e97-8096-be595e807f0b,user0112@example.com,Jeffrey,Johnson,564.716.9368,2002-12-30,7640 Dylan Tunnel,St. Louis,MO,USA,76182,POL-000112,health,2025-11-28,2026-11-28,24593.6,615083.67,2025-11-28,48,active,True,low,low,0.037210798738832,4,4864.98,0
1dcafe05-067f-4bf5-9351-dd238d1be56f,user0113@example.com,Jennifer,Gross,+1-625-728-2671x26937,1999-02-01,52964 Turner Pike,Columbus,OH,USA,36994,POL-000113,auto,2024-05-14,2026-05-14,2655.5,121296.65,2024-05-14,611,active,True,low,low,0.07434540743818686,5,2646.8,0
ced296e4-9b94-4444-a6ba-8b09b05629de,user0114@example.com,John,Dorsey,+1-668-268-1114x3306,1985-02-16,8771 Stewart Keys,San Francisco,CA,USA,78335,POL-000114,health,2024-11-01,2026-11-01,8801.0,395429.58,2024-11-01,440,active,True,low,low,0.07220149553120994,6,35473.75,0
c49f2354-29b8-4741-bbcd-fca8d02636c9,user0115@example.com,Kimberly,Brown,+1-262-678-7902x5912,2005-05-26,2162 Foster Brooks,San Jose,CA,USA,28860,POL-000115,health,2024-05-30,2026-05-30,4896.99,241225.54,2024-05-30,595,active,True,medium,medium,0.14501706361131664,17,92681.41,0
d9ced357-00eb-416f-b86d-a59e8bbd1945,user0116@example.com,Mario,Phillips,+1-902-995-5999,1994-09-03,395 Farrell Island Suite 192,Denver,CO,USA,33905,POL-000116,home,2021-10-07,2023-10-07,5839.39,531392.9,2021-10-07,1561,active,True,low,low,0.036464703260022505,7,8743.880000000001,0
ecb37b49-921b-49bd-83d1-ffc77085e312,user0117@example.com,Joseph,Miller,473-767-0386,1972-10-30,1125 Cross Estates Apt. 300,San Jose,CA,USA,71678,POL-000117,life,2024-08-20,2026-08-20,23395.12,1737572.63,2024-08-20,513,active,True,medium,medium,0.15282342423551573,11,18908.7,4
068e4ce1-28bd-4dc4-add2-2290c480a8ef,user0118@example.com,Raymond,Wright,001-282-992-4828x7321,1989-08-25,27365 Gardner Drive,Portland,OR,USA,24604,POL-000118,auto,2021-04-02,2023-04-02,3086.36,222089.41,2021-04-02,1749,active,True,low,low,0.03527970118594681,7,8880.33,1
861f7e94-3be6-4a40-84c8-353dabbb4279,user0119@example.com,Dennis,Brown,808.542.8741x627,1986-07-14,29555 Gabrielle Brook Apt. 510,Albuquerque,NM,USA,67776,POL-000119,auto,2021-01-18,2022-01-18,1396.14,74671.31,2021-01-18,1823,active,True,low,low,0.05767182956012609,6,8011.639999999999,0
3b0543bd-671d-47b3-8633-d1ed9bd016cc,user0120@example.com,Kevin,Medina,422-462-3003x607,1963-12-30,83034 Natalie Route,Fort Worth,TX,USA,36500,POL-000120,health,2021-08-11,2022-08-11,32747.79,836293.75,2021-08-11,1618,active,True,low,low,0.06945607915537247,4,34412.31,0
db7d2d0a-77a4-482d-83d3-ff5274df41f2,user0121@example.com,Stephen,Roman,001-816-892-8091,1962-11-12,9687 Smith Ford Apt. 454,Los Angeles,CA,USA,33625,POL-000121,auto,2022-01-09,2023-01-09,1272.43,63627.97,2022-01-09,1467,active,True,low,low,0.06845217532387958,6,37341.76,1
1c469407-c721-40cf-850f-202d6ed550d6,user0122@example.com,Andrew,Garcia,(749)370-0844x5801,1978-06-12,96280 Kenneth Crest Suite 050,Jacksonville,FL,USA,86247,POL-000122,home,2021-05-11,2023-05-11,8357.77,761449.56,2021-05-11,1710,active,True,low,low,0.06856564930776889,7,20104.16,1
771ddb89-5dd4-451a-a913-d28a229db360,user0123@example.com,Linda,Gilbert,001-461-231-5255x232,1968-11-07,7435 Singh Squares,Albuquerque,NM,USA,93969,POL-000123,health,2024-02-01,2026-01-31,19077.51,772930.46,2024-02-01,714,active,True,high,high,0.2589887732981622,25,149108.59,4
53684850-cf0a-42da-9d37-d11c71109f60,user0124@example.com,Wanda,Thompson,439-950-1115x25586,1975-11-13,0317 Schmidt Brook,Arlington,TX,USA,31690,POL-000124,life,2022-07-26,2024-07-25,11581.46,650857.05,2022-07-26,1269,active,True,low,low,0.04325747751214756,6,7432.18,2
bdd8f285-f137-4477-a611-c0407380b410,user0125@example.com,Rebekah,Howard,+1-680-497-1861,1960-05-14,5459 Brandon Street,Plano,TX,USA,46720,POL-000125,auto,2021-02-19,2023-02-19,1710.56,147571.98,2021-02-19,1791,active,True,high,high,0.3505669997923764,18,75572.90999999999,4
bd0c9727-ced5-4df7-97f4-07a99a712f6c,user0126@example.com,Scott,Wallace,+1-991-813-7983x045,2006-05-22,5116 Andrea Vista Suite 897,Corpus Christi,TX,USA,05609,POL-000126,home,2023-11-09,2024-11-08,7863.95,631519.82,2023-11-09,798,active,True,low,low,0.050867146064092365,3,847.31,0
fceaa931-db6c-4fb8-8ca7-ee4db125cda7,user0127@example.com,Daniel,Bailey,(221)233-6896,2003-02-18,7612 Adrian Park,Lexington,KY,USA,37301,POL-000127,auto,2025-01-10,2027-01-10,2833.36,176877.27,2025-01-10,370,active,True,medium,medium,0.18840627087757505,15,31275.25,4
f47f840f-caab-425b-a2f5-16c6c38ca7a3,user0128@example.com,Daniel,Wilson,799.879.9271,2004-04-08,87885 William Street,San Francisco,CA,USA,84742,POL-000128,health,2022-12-27,2024-12-26,14221.41,642197.0,2022-12-27,1115,active,True,low,low,0.050490128380637794,6,49030.49,0
bdcd41a6-4d04-4c6d-ae6a-e41ae3e3538c,user0129@example.com,Ann,Mendez,(281)984-3976x3090,1963-10-19,994 Edwards Spur Suite 441,Milwaukee,WI,USA,06165,POL-000129,home,2025-11-07,2027-11-07,3065.64,422175.84,2025-11-07,69,active,True,high,high,0.38092453512299806,12,20577.96,5
98254ab4-b85e-427c-983e-f7dce0f0f624,user0130@example.com,Bonnie,Clayton,001-262-665-4347x5916,1964-07-05,859 Steven Rest,Dallas,TX,USA,92781,POL-000130,auto,2023-04-19,2025-04-18,3368.68,228784.19,2023-04-19,1002,active,True,low,low,0.03838392790171747,9,5838.27,0
8dd314d0-1673-4a85-bf0b-c906a5aee9c6,user0131@example.com,Tammy,Cox,678-237-5681x67843,1978-05-22,71776 Nicole Spur,New Orleans,LA,USA,83970,POL-000131,home,2024-12-13,2026-12-13,5349.89,639703.0,2024-12-13,398,active,True,low,low,0.03971626036879056,6,11931.7,1
741cbacc-6005-4964-bef8-94d7f4a28429,user0132@example.com,Leslie,Johnson,+1-707-688-3692x2338,1950-10-31,9995 Stephanie Isle,New Orleans,LA,USA,89907,POL-000132,auto,2025-05-03,2027-05-03,3386.75,242191.05,2025-05-03,257,active,True,low,low,0.06603400364955338,6,6882.51,0
7c148c5f-841b-4c32-8f62-147787ce8bb5,user0133@example.com,Jessica,Walker,001-426-653-2735x51497,1984-07-03,22347 Jones Manors,Las Vegas,NV,USA,80766,POL-000133,home,2024-11-12,2025-11-12,10965.88,765917.51,2024-11-12,429,active,True,low,low,0.032412312525337265,6,11172.07,0
08260edb-d9d7-482e-af82-c30c4426707a,user0134@example.com,Arthur,Sanchez,(655)357-0200x617,1961-04-28,5947 Rodriguez Estate Apt. 893,Lexington,KY,USA,87358,POL-000134,home,2022-09-08,2024-09-07,6672.51,476349.53,2022-09-08,1225,active,True,low,low,0.07580032266746435,10,14906.310000000001,0
c7387676-eb38-4b6d-b9fc-74dee1b780f9,user0135@example.com,Sue,Hernandez,+1-706-850-7612x22830,1967-03-18,530 Watson Islands Suite 950,Louisville,KY,USA,17025,POL-000135,health,2024-01-09,2025-01-08,16581.15,826037.03,2024-01-09,737,active,True,low,low,0.03920357385101495,4,8512.45,0
ef3f021f-e3fa-41cb-960f-bd7da11b62fc,user0136@example.com,Jason,Cook,4779789433,1973-10-25,904 Johnson Pike,Miami,FL,USA,23824,POL-000136,auto,2025-11-19,2026-11-19,1168.15,59446.13,2025-11-19,57,active,True,low,low,0.03575061742898994,9,77494.65,0
ecd71ba2-518c-4e25-af68-b820acfa5b61,user0137@example.com,Mallory,Ross,(226)890-2220x9755,1956-01-31,7015 Gerald Centers,Albuquerque,NM,USA,27659,POL-000137,health,2024-07-04,2025-07-04,16728.84,439460.91,2024-07-04,560,active,True,low,low,0.02418144180380718,7,58367.08,0
dbdc794f-ff5d-4071-b76d-fa4ad8500499,user0138@example.com,Jason,Parker,3765972162,1989-10-26,192 Logan Ridge,Arlington,TX,USA,19730,POL-000138,home,2023-12-16,2025-12-15,5368.64,427759.61,2023-12-16,761,active,True,high,high,0.3508490214990462,23,47289.81,9
872090ad-d963-4458-8d46-a15ce1e77b71,user0139@example.com,Melissa,Walker,912.626.0082x2837,1960-08-01,4985 Moss Plain,Houston,TX,USA,58815,POL-000139,health,2021-08-07,2022-08-07,20616.59,879420.87,2021-08-07,1622,active,True,low,low,0.071030699118624,3,15941.37,0
590f3fe8-3448-4176-9470-6e2b5530be2f,user0140@example.com,Pamela,Mahoney,8632228012,2002-04-30,6589 Taylor Groves Suite 609,Mesa,AZ,USA,55152,POL-000140,home,2024-12-25,2026-12-25,7062.53,589492.38,2024-12-25,386,active,True,low,low,0.058288394150976156,5,4718.389999999999,0
9479df8e-f636-4098-8941-e21708fe40c0,user0141@example.com,Lynn,Lucas,672-945-2573x787,1978-09-27,70946 Mendoza Mount Apt. 612,Memphis,TN,USA,81086,POL-000141,home,2025-02-16,2026-02-16,4013.58,277252.66,2025-02-16,333,active,True,low,low,0.04851025196135769,6,5896.39,1
c79ec590-32c1-4ef4-8053-270b2f91fc67,user0142@example.com,Catherine,Ashley,(484)826-8092,1989-11-19,641 Johnson Junctions,Stockton,CA,USA,26174,POL-000142,health,2023-08-10,2025-08-09,11950.04,375083.65,2023-08-10,889,active,True,low,low,0.05226101130530603,9,27307.27,1
3229c8ec-6797-431f-aa74-afb4cddf40da,user0143@example.com,Charles,Black,(705)366-8803x16647,1958-05-30,24285 Tonya Spring,Lexington,KY,USA,90373,POL-000143,auto,2025-05-13,2027-05-13,3302.23,270558.77,2025-05-13,247,active,True,low,low,0.06265365982763249,2,4537.84,0
16db5257-54e0-45be-b8d1-8996467e8e50,user0144@example.com,Mary,Conner,999-219-8480,2004-01-13,0867 Michael Canyon,Denver,CO,USA,63355,POL-000144,auto,2022-05-22,2024-05-21,3157.9,277091.32,2022-05-22,1334,active,True,medium,medium,0.15745135534965887,10,31692.739999999998,1
53f84656-a208-459c-a520-b964b12a2227,user0145@example.com,Dale,Rush,940.443.3689x5796,1987-08-18,1051 Austin Village Apt. 070,Laredo,TX,USA,14412,POL-000145,home,2023-05-17,2024-05-16,3287.64,375687.72,2023-05-17,974,active,True,medium,medium,0.1607153424807429,13,21647.989999999998,2
3db161fe-2121-4188-8809-6b72bd60263b,user0146@example.com,Jillian,Johnson,(405)502-5497,1990-10-31,10297 Conway Turnpike,Louisville,KY,USA,79543,POL-000146,life,2023-07-09,2024-07-08,19871.47,1754275.79,2023-07-09,921,active,True,high,high,0.35369526540028434,21,14246.039999999999,7
f69d6cdb-18b7-487c-9dba-b5c72451e516,user0147@example.com,Deborah,Craig,+1-853-696-5974x4252,1988-11-02,41641 Osborne Forest,Corpus Christi,TX,USA,58278,POL-000147,home,2023-05-28,2025-05-27,1539.42,267431.63,2023-05-28,963,active,True,high,high,0.33655960678385544,14,20533.39,3
3f2b7db6-ec00-47e6-9968-dff7dce94f03,user0148@example.com,Shelley,Buchanan,(913)837-9376x699,1980-12-26,85571 Turner Shoals Apt. 584,Atlanta,GA,USA,81159,POL-000148,auto,2022-06-30,2023-06-30,1440.95,91867.62,2022-06-30,1295,active,True,medium,medium,0.148286009890582,11,41632.22,2
aa9d3eb8-5eba-4896-bde6-62de0fef6248,user0149@example.com,Zachary,Miller,299-708-0358x624,1975-10-21,0999 Clark Green Suite 352,Portland,OR,USA,58352,POL-000149,home,2024-08-27,2025-08-27,5394.75,632673.65,2024-08-27,506,active,True,medium,medium,0.1460561769262162,6,13433.550000000001,2
41662f4f-ce60-4c88-a689-ff9087744e7b,user0150@example.com,Daniel,Valenzuela,708-551-8466,1997-07-06,59618 Brian Shoals,Charlotte,NC,USA,60002,POL-000150,home,2024-09-20,2025-09-20,1563.59,294422.95,2024-09-20,482,active,True,low,low,0.07681417396763102,5,2897.22,0
e1532aca-515b-46f9-a9af-531c9445ce6c,user0151@example.com,James,Hill,+1-900-422-6425,1950-07-17,8298 Morse Plaza Apt. 921,Chicago,IL,USA,99944,POL-000151,auto,2024-08-26,2026-08-26,5274.66,282126.94,2024-08-26,507,active,True,low,low,0.06002221142752123,7,10810.62,1
8b0690d4-1e7f-414d-ac8b-796d4a2808c8,user0152@example.com,Thomas,Vega,+1-384-974-6042x937,1991-11-10,721 Jordan Mount Apt. 758,San Antonio,TX,USA,06716,POL-000152,home,2025-01-21,2026-01-21,1533.42,223279.67,2025-01-21,359,active,True,low,low,0.06987474830539654,7,35847.15,0
7e0a908e-7331-4399-bb2c-870a6a797e9f,user0153@example.com,Maurice,Thomas,(967)969-8897,1969-03-20,8474 Joe Avenue Apt. 929,Denver,CO,USA,91192,POL-000153,auto,2025-01-29,2026-01-29,1834.55,183388.61,2025-01-29,351,active,True,low,low,0.03447466016228167,6,19625.56,0
84fa3327-3da0-45c6-9100-134f5c7906af,user0154@example.com,Robert,Zamora,5596627519,1971-11-24,901 Mary Ville,Boston,MA,USA,69705,POL-000154,health,2025-12-15,2027-12-15,8381.32,351706.47,2025-12-15,31,active,True,low,low,0.05025580764758189,8,25536.739999999998,0
c93a66f6-e65e-44f4-977f-fb6a2b852fe5,user0155@example.com,Kenneth,Munoz,(256)811-5686x22307,1969-06-26,053 Nicholas Curve Apt. 743,New York,NY,USA,33016,POL-000155,auto,2022-06-20,2024-06-19,2951.0,139101.18,2022-06-20,1305,active,True,low,low,0.05304143268168768,6,12766.53,0
bfff896b-499b-4c23-a5d2-c1628a1db8c6,user0156@example.com,Mary,Horne,(771)886-2447,1960-12-11,21380 Stephens Ferry,Corpus Christi,TX,USA,73586,POL-000156,health,2021-04-20,2023-04-20,19217.0,643422.77,2021-04-20,1731,active,True,high,high,0.25601036295224,17,68630.31999999999,2
0f5e1226-b5c1-4f75-b0f0-2ce2774d0f6d,user0157@example.com,Amber,Yates,(761)854-5985x8663,1968-12-14,80288 Matthew Club Apt. 886,New Orleans,LA,USA,57227,POL-000157,auto,2025-07-22,2026-07-22,3090.75,216677.21,2025-07-22,177,active,True,low,low,0.055146696255862854,6,8050.99,1
72056f6a-48b2-4446-bb8b-5b580167d619,user0158@example.com,Rhonda,Stewart,+1-646-999-8428x828,2001-04-11,03132 Davis Street Apt. 320,Denver,CO,USA,27762,POL-000158,health,2023-12-16,2024-12-15,9806.38,338470.36,2023-12-16,761,active,True,low,low,0.05226152771545829,7,24216.13,1
68c8cd76-c39a-4523-a755-3e0b45946f71,user0159@example.com,Shirley,Mills,927-878-6268x5272,2006-12-20,08778 Mariah Mill,Nashville,TN,USA,10985,POL-000159,auto,2025-05-16,2026-05-16,2592.96,211511.74,2025-05-16,244,active,True,medium,medium,0.19461184804339832,10,15330.07,2
025e057c-81e5-415c-bfdc-3e30a842e55a,user0160@example.com,Adrian,White,+1-833-445-5735,1961-03-23,7004 Lewis Pines,Phoenix,AZ,USA,47221,POL-000160,auto,2025-10-26,2026-10-26,1753.07,101296.79,2025-10-26,81,active,True,medium,medium,0.19026019741858774,9,10072.65,1
ea58dd0e-9604-4797-81b9-066ef9dbc15e,user0161@example.com,Terry,Brown,(673)422-8570,1995-10-12,255 Roberts Loop,Columbus,OH,USA,68816,POL-000161,home,2024-07-25,2026-07-25,3063.22,494269.46,2024-07-25,539,active,True,high,high,0.370398436622833,21,41996.240000000005,5
2291d85d-50a1-4153-ab42-d1fa825dfb91,user0162@example.com,Kristine,Sutton,001-377-704-1167,1995-10-14,467 Allison Ville Suite 690,Columbus,OH,USA,39432,POL-000162,life,2024-01-21,2025-01-20,24227.84,1892289.21,2024-01-21,725,active,True,high,high,0.35156406771754667,21,11311.869999999999,7
e8fbddb8-8e02-40c3-ae23-2ec13c11446d,user0163@example.com,Joshua,Lambert,767-733-2291x248,1981-01-18,06239 Case Prairie Suite 264,Sacramento,CA,USA,04665,POL-000163,home,2025-11-09,2026-11-09,2200.42,220578.74,2025-11-09,67,active,True,low,low,0.029290560897213644,4,5655.35,0
3caa9c78-d388-40bc-b463-fc337c5e9e89,user0164@example.com,Andrew,Peters,930-312-0339x80138,2000-05-01,83356 Luke Plaza Apt. 080,New York,NY,USA,15832,POL-000164,home,2023-06-24,2025-06-23,3296.66,573903.45,2023-06-24,936,active,True,low,low,0.05022150567424668,5,2628.26,1
307c4d8c-52cd-4c45-afb3-32ea89d90eb2,user0165@example.com,Jeffery,Bryant,956.370.2772,2007-12-03,9695 Terry Prairie Suite 575,Albuquerque,NM,USA,74995,POL-000165,home,2022-11-13,2024-11-12,6612.81,534025.55,2022-11-13,1159,active,True,low,low,0.04013655465445408,11,13197.55,2
59af01c8-8194-424a-9c22-ff578400ea23,user0166@example.com,Ashley,Cherry,3556362917,1979-11-06,83952 Anderson Walk Suite 207,Miami,FL,USA,88153,POL-000166,home,2022-10-02,2023-10-02,3052.41,588861.28,2022-10-02,1201,active,True,low,low,0.0592396532852149,5,18141.38,0
842e1918-eb3f-4e1e-903c-ed9ef471e7ce,user0167@example.com,Deanna,Mason,001-716-451-1921x45744,1953-07-09,27694 Harris Passage,Milwaukee,WI,USA,96268,POL-000167,life,2024-11-26,2026-11-26,16597.81,1015773.75,2024-11-26,415,active,True,low,low,0.04713884210308013,8,3700.34,0
456fde4b-7cd0-431a-9e82-5e439776ec1f,user0168@example.com,Donald,Tapia,453.521.2440,2007-12-17,40941 Laura Corners Apt. 525,Philadelphia,PA,USA,63179,POL-000168,auto,2024-11-28,2026-11-28,5143.34,259588.23,2024-11-28,413,active,True,low,low,0.036525794218368365,4,9753.81,0
faa3ed9b-f6bc-4177-9e5c-e215a994916d,user0169@example.com,Brandy,Brown,7476941232,1973-08-16,911 Lauren Streets,San Antonio,TX,USA,96165,POL-000169,life,2023-11-23,2025-11-22,15678.96,1992711.02,2023-11-23,784,active,True,low,low,0.03876446697130401,11,8117.09,0
43b6dc17-2e44-4443-8e36-793984c2f8f5,user0170@example.com,Jose,Shaw,(871)333-9962x768,1960-10-21,2112 Kerri River,Chicago,IL,USA,11814,POL-000170,home,2025-12-03,2027-12-03,9567.49,781664.88,2025-12-03,43,active,True,medium,medium,0.13696358795063795,12,26625.39,1
ebb25fa8-8f5c-4ed8-a12c-f796152b0f41,user0171@example.com,Jasmine,Shaw,201.349.4802,1983-08-02,5231 Erica Ways Apt. 821,Virginia Beach,VA,USA,88411,POL-000171,auto,2025-06-14,2027-06-14,3621.21,246919.21,2025-06-14,215,active,True,medium,medium,0.1461514610444485,15,24153.489999999998,2
12e5ddd0-76f0-4e42-ad04-9fdfcf212bc4,user0172@example.com,Manuel,Brandt,001-331-272-3667x0417,1999-10-26,891 Pamela Underpass,Anchorage,AK,USA,63302,POL-000172,auto,2022-02-14,2024-02-14,4226.68,243220.14,2022-02-14,1431,active,True,medium,medium,0.18274238519636554,6,12987.19,2
d5b5d3e7-7a6c-4cab-a517-087e8df86609,user0173@example.com,Manuel,Delacruz,733-820-3449,1951-08-27,48765 Margaret Park Suite 525,Austin,TX,USA,93232,POL-000173,health,2022-06-28,2023-06-28,4815.23,162819.54,2022-06-28,1297,active,True,low,low,0.030340952848697797,8,36372.07,0
b7a6c49b-adfc-4959-be90-f93347bb1e49,user0174@example.com,Stephen,Perez,(231)560-3781x1057,1994-02-06,06670 Michael Rest Suite 696,Plano,TX,USA,52564,POL-000174,home,2025-05-02,2026-05-02,6525.7,516288.38,2025-05-02,258,active,True,high,high,0.2507618219463591,25,47408.81,5
e8267312-9e51-4deb-9df6-b3a59323429e,user0175@example.com,John,Baldwin,001-333-670-0715x80097,1988-01-31,32343 Lauren Lodge Suite 874,Boston,MA,USA,37897,POL-000175,life,2024-06-20,2026-06-20,24902.08,1498882.5,2024-06-20,574,active,True,low,low,0.0593721788224164,6,3901.6,0
9ba49d94-8c8c-4fa6-ab84-cffdf226f087,user0176@example.com,Amber,Fox,992.437.5909,1958-04-14,258 Newton Knolls Suite 139,Las Vegas,NV,USA,15486,POL-000176,auto,2025-06-11,2026-06-11,3994.45,205989.88,2025-06-11,218,active,True,low,low,0.07347204784410856,5,7190.23,0
545eb3f8-05f1-40bd-8a66-dbb66edfcc81,user0177@example.com,Stephanie,Harrington,548.923.6788,1961-05-17,38004 Robert Mill,Charlotte,NC,USA,48223,POL-000177,health,2025-07-04,2027-07-04,7596.84,193563.44,2025-07-04,195,active,True,medium,medium,0.1912176536443645,12,73217.53,1
3152d43f-b485-4650-92b2-325102486dfc,user0178@example.com,Robert,Roach,886-574-1637x120,1956-03-02,2977 Johnson Green Suite 840,Mesa,AZ,USA,67724,POL-000178,auto,2023-08-19,2025-08-18,3331.74,232732.01,2023-08-19,880,active,True,low,low,0.0642238110586505,8,25787.83,0
3602adbd-19db-46e5-bdf5-7eeca64eb710,user0179@example.com,Kara,Adams,357-328-1436,1974-01-20,14603 Jones Path Apt. 605,Philadelphia,PA,USA,45287,POL-000179,home,2021-07-21,2023-07-21,5145.2,463104.81,2021-07-21,1639,active,True,high,high,0.3436288109344406,19,183983.75,8
b0ead6f6-62b9-4daa-b25c-7b688b405a8b,user0180@example.com,Crystal,Gray,(342)668-3684x377,1996-11-03,4545 Craig Turnpike,Minneapolis,MN,USA,56074,POL-000180,auto,2022-09-26,2024-09-25,3978.98,170753.53,2022-09-26,1207,active,True,low,low,0.04270085490095882,6,3182.54,0
452bf0b5-d0df-476f-aff5-c1a07d0d839b,user0181@example.com,Jerry,Smith,819-962-2723,2002-08-25,173 Yates Fort,Cleveland,OH,USA,70634,POL-000181,home,2021-03-07,2022-03-07,10100.13,795011.68,2021-03-07,1775,active,True,low,low,0.03263170930643678,8,19568.05,0
defcba07-53c1-41e2-b06a-b390982e2c0e,user0182@example.com,Kristi,Brown,001-357-809-3409,1989-08-25,81136 Chase Terrace Apt. 348,Milwaukee,WI,USA,82862,POL-000182,home,2022-11-16,2023-11-16,8492.42,668050.41,2022-11-16,1156,active,True,low,low,0.033686022674143105,3,9496.55,0
f326679f-5191-4e09-84ca-5b6d6404b9d0,user0183@example.com,Joseph,Savage,470.706.2795x9514,1964-10-31,9542 Tina Terrace Suite 562,Nashville,TN,USA,62714,POL-000183,auto,2022-04-18,2024-04-17,3347.54,175483.9,2022-04-18,1368,active,True,low,low,0.05359343191074713,7,7367.31,0
02cfc912-db53-4729-b185-370c09de0f04,user0184@example.com,Vincent,Coffey,661-773-4479,1983-12-22,1638 Madeline Manors,Anchorage,AK,USA,37004,POL-000184,auto,2022-10-01,2023-10-01,4589.3,253183.23,2022-10-01,1202,active,True,low,low,0.027864791702282184,8,24575.16,0
389c9f85-cd89-4a62-9a16-b233552cd71d,user0185@example.com,Wyatt,Tucker,400-617-0781,1986-12-10,6130 Sawyer Tunnel Suite 841,Columbus,OH,USA,92100,POL-000185,life,2025-08-01,2026-08-01,5634.18,801133.69,2025-08-01,167,active,True,high,high,0.3277599439949598,21,8525.83,5
fd462767-2df1-48b3-b7e3-5be5a7071514,user0186@example.com,Keith,Garrett,+1-835-952-8337x2875,1983-04-26,302 Mcclure Lane,Virginia Beach,VA,USA,36404,POL-000186,auto,2025-08-22,2027-08-22,1822.33,113191.46,2025-08-22,146,active,True,high,high,0.3074746702838689,21,73072.1,5
16b00c46-17b3-4361-9a0a-fd84622d9bf1,user0187@example.com,Stephanie,Kennedy,658-382-1870,2004-02-12,9116 Charles Locks,Minneapolis,MN,USA,34290,POL-000187,health,2024-03-22,2025-03-22,6086.88,164132.5,2024-03-22,664,active,True,high,high,0.3672453168164816,17,48549.05,10
5cfea181-efe3-4c30-86f1-78f02cdaa486,user0188@example.com,Jennifer,Miller,498-630-9754,2000-09-06,88523 Cooke Skyway Suite 487,Fort Worth,TX,USA,60596,POL-000188,auto,2022-04-23,2023-04-23,963.12,52833.15,2022-04-23,1363,active,True,low,low,0.0784036574861626,4,9168.07,0
b8b047b6-2537-4d8b-8329-d16dc55d252b,user0189@example.com,Taylor,Castro,225-432-5121,1993-10-28,9909 Wade Loop Apt. 286,St. Louis,MO,USA,47763,POL-000189,life,2021-01-22,2023-01-22,10455.33,584846.23,2021-01-22,1819,active,True,low,low,0.052783428032704166,10,2615.12,2
092530b2-470a-4836-ae3a-14c4220e4ff1,user0190@example.com,Megan,Dunn,495.371.6468,1994-08-12,37090 Williams Gardens,Milwaukee,WI,USA,64387,POL-000190,home,2025-08-03,2027-08-03,3084.28,243885.51,2025-08-03,165,active,True,low,low,0.037081265692656296,7,17547.73,0
d3fec6ff-5d87-4832-bbaa-f0ebaebb5911,user0191@example.com,Bruce,Welch,001-666-493-2070x98348,1989-01-13,4876 Christina Key Apt. 744,Atlanta,GA,USA,45106,POL-000191,home,2023-08-21,2025-08-20,8380.57,721280.66,2023-08-21,878,active,True,low,low,0.04604293210869084,7,8142.57,0
f5295074-5d42-4244-93c2-7980cbed4d47,user0192@example.com,Scott,Simmons,(954)719-8281x7947,1950-03-29,45220 Samuel Fall,Minneapolis,MN,USA,52563,POL-000192,auto,2023-01-05,2024-01-05,2610.75,182983.24,2023-01-05,1106,active,True,high,high,0.2570591796815421,25,71454.26,9
334cf278-a823-4932-9362-4bbed38574f1,user0193@example.com,Tiffany,Brown,(264)252-5733,2007-12-26,0635 Ryan Junctions Apt. 247,Cincinnati,OH,USA,52892,POL-000193,auto,2024-02-04,2026-02-03,5770.99,253103.41,2024-02-04,711,active,True,high,high,0.38715106639997254,25,64368.47,10
f17b5734-aff6-4e59-acbf-92e00186d986,user0194@example.com,Micheal,Martinez,001-583-579-9005x366,1957-12-05,34228 Terry Estate Apt. 723,Stockton,CA,USA,65682,POL-000194,auto,2024-10-04,2025-10-04,2023.34,188084.5,2024-10-04,468,active,True,high,high,0.2565821632553115,19,94232.17,9
afe30aaa-4d1e-4e37-ae65-44bd6257195d,user0195@example.com,Jacob,Potter,610.433.7008,1988-01-11,37043 Jesus Trace Apt. 188,Madison,WI,USA,28097,POL-000195,auto,2024-05-29,2025-05-29,1956.88,97603.37,2024-05-29,596,active,True,low,low,0.020024092641520393,7,11506.99,0
4ee37708-1092-47b4-b53c-71dda4e58824,user0196@example.com,Michael,Walters,925-378-0473,1984-05-26,176 Fernandez Shoal Suite 455,Phoenix,AZ,USA,40761,POL-000196,auto,2023-09-14,2025-09-13,2531.5,146559.1,2023-09-14,854,active,True,low,low,0.04129970694883651,8,3996.0,0
80d8e1be-6666-40fe-92b0-36ce0bf47fb9,user0197@example.com,Marilyn,Thomas,(478)937-9264x053,1961-07-15,859 Jose Curve Apt. 903,Louisville,KY,USA,79567,POL-000197,home,2022-07-20,2023-07-20,1991.13,214059.77,2022-07-20,1275,active,True,high,high,0.38125130496159554,22,46621.270000000004,8
a44b2925-2a78-4e7c-b4d3-2c977db76d0e,user0198@example.com,Renee,Harrison,+1-883-731-5032x19859,1996-04-25,025 Randy Mews,Memphis,TN,USA,97027,POL-000198,health,2023-04-28,2024-04-27,20269.98,645412.45,2023-04-28,993,active,True,low,low,0.023214593576444474,10,57951.979999999996,0
2c3c90b4-93fc-4f64-ae1d-0462fdde6f70,user0199@example.com,Richard,Lambert,6678347671,1964-05-05,910 Allison Ferry Suite 276,Madison,WI,USA,22638,POL-000199,health,2024-04-13,2025-04-13,33578.21,870951.1,2024-04-13,642,active,True,low,low,0.07698975232918194,6,20342.18,0
17dcfdac-bf58-4d34-abc0-0d1a6cc8238f,user0200@example.com,Mark,Knight,(637)243-9639x9495,1961-09-13,4656 Gonzalez Mountains Apt. 873,Cleveland,OH,USA,04605,POL-000200,life,2021-10-19,2023-10-19,6799.15,1140072.17,2021-10-19,1549,active,True,low,low,0.058566593003591905,5,4030.92,0
14eb21cc-4789-48e9-88fd-c057020d78ed,user0201@example.com,Joanna,Davis,+1-527-636-6325x67322,2003-04-16,9391 Contreras Avenue Apt. 910,Indianapolis,IN,USA,79564,POL-000201,health,2021-04-21,2023-04-21,16286.14,414147.18,2021-04-21,1730,active,True,high,high,0.37024292289730504,19,123684.42,7
f1064aec-282f-4820-b6c3-69aa9d087a74,user0202@example.com,Ana,Jordan,001-707-732-6447x8937,1986-08-02,76090 Tyler Mall Suite 581,Plano,TX,USA,02398,POL-000202,auto,2021-02-01,2022-02-01,2409.75,217492.48,2021-02-01,1809,active,True,low,low,0.035400835499015806,4,2992.87,0
eb7cbbaa-db04-4906-8640-bd91b14c6f50,user0203@example.com,Karen,Olsen,001-246-769-4473x387,1957-08-16,566 Hull Corners,Austin,TX,USA,73000,POL-000203,home,2022-06-19,2023-06-19,2739.6,290874.57,2022-06-19,1306,active,True,low,low,0.06624151824561403,5,8727.4,0
49d8d2d4-5c42-4864-8d54-facbe4339590,user0204@example.com,Amy,Shannon,001-777-219-8883x7434,1985-03-14,593 Randall Summit Suite 023,Atlanta,GA,USA,06409,POL-000204,health,2021-12-29,2023-12-29,31344.81,975363.94,2021-12-29,1478,active,True,low,low,0.02719531153562781,9,38552.55,0
d8c78ba7-501d-4d40-b947-e3ad9765ef4e,user0205@example.com,Ashley,Vargas,+1-764-469-2434x35486,2007-11-07,56038 Brown Pike,Anchorage,AK,USA,72053,POL-000205,auto,2023-08-06,2024-08-05,3238.87,201923.98,2023-08-06,893,active,True,high,high,0.28117655821294735,21,49200.87,8
daee2818-918c-4c1b-bc6f-5e1a1e0c0890,user0206@example.com,Mark,Collins,+1-946-660-4903x764,1976-09-10,161 Gregory Valleys,Albuquerque,NM,USA,44807,POL-000206,health,2021-04-06,2022-04-06,6866.06,312702.93,2021-04-06,1745,active,True,medium,medium,0.1660927463860773,11,62759.12,4
e3e17da6-a880-45ff-bcaa-0148884e625b,user0207@example.com,Karen,Acosta,+1-565-558-6819x00415,1962-08-10,660 Lisa Passage,Houston,TX,USA,41630,POL-000207,auto,2021-04-04,2022-04-04,1746.82,70177.11,2021-04-04,1747,active,True,low,low,0.06701503368457302,5,4271.26,1
56eca1d2-e071-4f76-bcce-b20baac41ed7,user0208@example.com,Aaron,Huffman,(395)473-8010,1999-08-30,1815 Paul Shoal Apt. 949,Lincoln,NE,USA,74976,POL-000208,life,2022-08-13,2023-08-13,4688.59,371043.27,2022-08-13,1251,active,True,low,low,0.06978174106502384,4,4690.9,0
5436dcfc-38fa-4e71-aa42-12600a95a81e,user0209@example.com,Darren,Gentry,+1-950-355-1919x3968,1979-02-19,70804 Carla Ford Apt. 850,Stockton,CA,USA,64778,POL-000209,auto,2024-11-21,2025-11-21,1557.58,80730.47,2024-11-21,420,active,True,low,low,0.060531942117203405,7,61660.04,0
97d49232-4f34-4330-90a3-c3c2e09b038c,user0210@example.com,Jacqueline,Greene,729-433-2134,2005-10-26,400 Timothy Springs,Long Beach,CA,USA,10074,POL-000210,home,2025-08-18,2026-08-18,1378.05,208110.36,2025-08-18,150,active,True,low,low,0.07909488596101427,7,9950.7,1
a4163fcb-b2ee-4d04-80a4-7242f0d08fb3,user0211@example.com,Thomas,Cox,+1-856-327-4806,1953-12-31,2030 Vargas Village,New York,NY,USA,49076,POL-000211,life,2025-09-18,2027-09-18,8602.92,474501.47,2025-09-18,119,active,True,high,high,0.35567404546175274,19,15831.44,6
f74410cb-0cf6-47bc-8a8f-0fdb468a116c,user0212@example.com,Ruben,Henry,321-318-6018,1988-09-26,399 James Falls,Fort Worth,TX,USA,43039,POL-000212,health,2025-10-02,2026-10-02,14614.26,532121.45,2025-10-02,105,active,True,low,low,0.049594849581559144,6,7713.22,0
2813617e-2f5e-4106-a2ff-f93580172db1,user0213@example.com,Nancy,Romero,392.206.2314x5968,2001-03-01,196 Tammy Knolls Apt. 521,Cleveland,OH,USA,09034,POL-000213,life,2022-10-28,2023-10-28,20022.52,1380955.2,2022-10-28,1175,active,True,low,low,0.025969773570838288,9,3758.6800000000003,0
1c1a9152-a7d9-49a5-ab63-b8262e85b4fc,user0214@example.com,Brandon,Robinson,(308)916-4180x44608,2002-08-24,83469 Baker Port Suite 060,Dallas,TX,USA,77915,POL-000214,auto,2021-09-28,2022-09-28,2916.84,181827.72,2021-09-28,1570,active,True,low,low,0.05532861620937339,8,23918.53,1
b41fefe2-69d6-4dbc-b374-e465bd766945,user0215@example.com,Melissa,Cook,706.227.4566x98398,1978-04-16,414 Elizabeth Shoals,Austin,TX,USA,02608,POL-000215,auto,2024-06-08,2025-06-08,5465.78,296775.02,2024-06-08,586,active,True,low,low,0.06124621165645204,7,9167.79,0
b55fa3a5-e551-4fde-af6c-ad746e1a84b0,user0216@example.com,Michael,Spears,+1-776-525-3847x6691,1952-08-23,7286 Taylor Hill Suite 859,Stockton,CA,USA,02378,POL-000216,life,2022-06-28,2024-06-27,7312.76,643892.17,2022-06-28,1297,active,True,low,low,0.0589918353021545,6,4796.63,0
64e636ad-df19-4988-a48b-21ce5b34348f,user0217@example.com,Kimberly,Parks,(897)861-1662,1950-06-30,9824 Walter Ranch,Detroit,MI,USA,83250,POL-000217,home,2021-09-17,2023-09-17,8444.79,643356.98,2021-09-17,1581,active,True,low,low,0.02771477471070015,6,6575.86,0
f58cf814-6a66-483b-b480-f5515bd1c12d,user0218@example.com,Emily,Webb,2164562774,1953-09-08,2312 Hernandez Fall Apt. 525,Phoenix,AZ,USA,97857,POL-000218,auto,2026-01-10,2027-01-10,2531.26,206495.98,2026-01-10,5,active,True,medium,medium,0.15752320373327705,5,13410.58,1
6c7a9446-3e76-457b-a812-104c1336fb2a,user0219@example.com,Arthur,Meyer,001-489-249-6172x1505,1986-05-05,3131 Watson Loop,Detroit,MI,USA,02684,POL-000219,health,2022-12-27,2024-12-26,22893.56,973601.23,2022-12-27,1115,active,True,low,low,0.055826997200930206,7,20931.65,0
12aaf1ac-58a0-419b-895d-e7b0d010253e,user0220@example.com,Susan,Hanson,523-322-1091x2944,1996-01-09,140 Hunt Greens Apt. 779,Henderson,NV,USA,71803,POL-000220,auto,2022-09-07,2023-09-07,4428.28,256283.72,2022-09-07,1226,active,True,low,low,0.05260435113189585,4,11637.85,0
4d8a0ecb-eeed-43a1-b620-b728b79d431a,user0221@example.com,Morgan,Williams,(911)368-2313,1979-03-03,96242 Cooper Mountain,Memphis,TN,USA,68569,POL-000221,auto,2021-10-16,2022-10-16,2957.98,228529.79,2021-10-16,1552,active,True,low,low,0.061404521251327865,8,9562.579999999998,0
dd57bff9-1af3-4cc5-a00d-357de6926e93,user0222@example.com,Kari,Graham,855.587.7452,1994-07-16,882 Kaitlyn Park Apt. 544,Cleveland,OH,USA,98523,POL-000222,home,2024-11-24,2026-11-24,6372.18,516289.03,2024-11-24,417,active,True,low,low,0.023306578396440007,2,7678.77,0
158dcfa1-3e87-4524-b857-3869f51a425e,user0223@example.com,Danielle,Harris,217-588-2805,1964-08-22,88287 Adrian Greens Suite 676,New York,NY,USA,50267,POL-000223,auto,2021-12-19,2022-12-19,1579.14,95851.34,2021-12-19,1488,active,True,medium,medium,0.18540522636356777,6,23782.300000000003,2
1bb9356b-544b-49f3-a17f-9f25c0496f68,user0224@example.com,Jeanette,Patel,+1-287-945-8712,1968-03-20,368 Munoz Cove,Detroit,MI,USA,49183,POL-000224,health,2025-08-11,2027-08-11,2171.78,104899.34,2025-08-11,157,active,True,low,low,0.07470929561820457,9,33210.86,0
502d0a6e-f3f6-4122-af0c-2604cf404d35,user0225@example.com,Jenna,Foster,307-241-4430,1996-09-28,4529 Velazquez Knoll,New Orleans,LA,USA,93277,POL-000225,health,2024-12-03,2025-12-03,34026.8,960075.52,2024-12-03,408,active,True,low,low,0.07054228002909932,8,80585.64,0
ca078698-5d9c-4526-b9dd-898837d7adba,user0226@example.com,Joseph,Harris,599-671-1533,1995-08-06,96970 Anthony Cape Apt. 434,Mesa,AZ,USA,40022,POL-000226,health,2023-05-06,2025-05-05,10432.0,275597.94,2023-05-06,985,active,True,low,low,0.04751899388486455,3,23493.27,0
aa9be5be-a9fb-47dc-b81d-55ef9196008d,user0227@example.com,Tyler,Rodgers,+1-958-861-8881,1953-02-25,59927 Robinson Mews,Laredo,TX,USA,29283,POL-000227,auto,2024-01-14,2025-01-13,3037.08,122680.58,2024-01-14,732,active,True,low,low,0.07764288510018903,14,27093.39,1
70c8502a-939f-4b23-a06d-63a2057a73e4,user0228@example.com,Travis,Roberts,7336122239,1982-05-01,47314 Lauren Point Suite 477,Tucson,AZ,USA,95273,POL-000228,health,2023-08-12,2024-08-11,13518.78,649863.55,2023-08-12,887,active,True,high,high,0.38521702443075695,20,71952.59,6
02fe4d91-e5f5-46f1-8348-1b4dd55c073e,user0229@example.com,Jonathan,Stevens,866.465.6007,1959-06-09,28219 Michele Parkway,Phoenix,AZ,USA,54940,POL-000229,health,2025-04-30,2027-04-30,28858.96,849705.59,2025-04-30,260,active,True,high,high,0.29371227080140727,21,162966.51,3
2bc3d7b0-b8b9-4a8e-92a7-ae8ef330950f,user0230@example.com,Amanda,Castillo,872-464-3933x045,1988-06-13,6604 Hinton Court,Atlanta,GA,USA,24317,POL-000230,auto,2025-05-12,2027-05-12,4007.24,195642.23,2025-05-12,248,active,True,low,low,0.07123195961151221,8,28226.9,1
156f4c53-af69-445d-b922-2246f1a54174,user0231@example.com,Denise,Baker,484-398-1184x65124,1951-09-23,378 Thomas Station Apt. 483,Seattle,WA,USA,49818,POL-000231,auto,2022-01-18,2023-01-18,797.72,73773.41,2022-01-18,1458,active,True,low,low,0.06352868204092922,6,6765.5599999999995,0
e5da0e72-c6b5-4d57-b75a-c6cfb90f9e49,user0232@example.com,Stephanie,Davis,001-565-995-5859x421,1983-04-27,36365 Thompson Locks,San Antonio,TX,USA,60953,POL-000232,auto,2022-04-19,2024-04-18,5980.57,269428.24,2022-04-19,1367,active,True,medium,medium,0.1966264173980221,9,14809.55,2
46ac738c-05f9-47d7-ba6c-782e1ea2f701,user0233@example.com,Travis,Freeman,001-935-686-1341,2007-12-12,538 Susan Shoal,Chandler,AZ,USA,71859,POL-000233,health,2023-03-05,2024-03-04,6440.77,253233.24,2023-03-05,1047,active,True,high,high,0.28190904491954094,25,113709.13,7
b158f495-6779-4b54-86ba-a3804a69fcd4,user0234@example.com,Harold,Buchanan,(733)299-0761,1951-12-18,39154 Kyle Falls,Phoenix,AZ,USA,98724,POL-000234,health,2025-01-12,2026-01-12,26900.41,957405.58,2025-01-12,368,active,True,low,low,0.05038103319684874,9,21514.44,0
a7674e90-2ac4-42e3-9bb5-529597d4d132,user0235@example.com,Teresa,Porter,(814)399-0108,1996-06-14,7904 Matthew Orchard Apt. 806,Detroit,MI,USA,60032,POL-000235,health,2022-01-12,2023-01-12,10180.09,302715.91,2022-01-12,1464,active,True,low,low,0.03521693765831385,6,33075.21,0
e8c92f3a-7556-475e-9fbb-7db52a7b2eb3,user0236@example.com,Ashley,Murray,467.520.9610,1976-08-09,3205 Bradley Mill Apt. 459,Portland,OR,USA,61970,POL-000236,health,2024-02-07,2026-02-06,20368.24,995935.25,2024-02-07,708,active,True,high,high,0.26692872170691434,20,131949.41999999998,2
1e141bb9-b405-402b-89c5-78b6f9aa7f14,user0237@example.com,Megan,Brewer,(379)932-7701x154,1989-03-29,260 Romero Lodge,Anchorage,AK,USA,67136,POL-000237,auto,2021-07-22,2023-07-22,2394.21,109802.77,2021-07-22,1638,active,True,medium,medium,0.12451054830825853,10,16042.38,2
a4621d5e-e07f-41d0-9715-98051d5b992b,user0238@example.com,Amanda,Davidson,+1-761-808-5973,2007-03-30,433 Hill Parks Apt. 263,Tucson,AZ,USA,20211,POL-000238,home,2023-10-18,2025-10-17,5446.81,637169.09,2023-10-18,820,active,True,low,low,0.05676106068047643,7,23997.809999999998,0
c8ab46d4-f054-46a6-bc40-4c0dc6f2eafb,user0239@example.com,Mary,Barrett,001-959-364-5876x69494,1970-04-10,7450 Jon Trail,Lexington,KY,USA,48282,POL-000239,home,2023-06-27,2025-06-26,2079.42,355669.5,2023-06-27,933,active,True,low,low,0.027156300322384606,5,2555.38,0
12f38b29-aec2-420d-adf6-ac384c586731,user0240@example.com,Tyler,Burke,6847896539,2000-12-07,5480 Warren Landing,Cleveland,OH,USA,30591,POL-000240,health,2022-03-30,2023-03-30,26161.64,731164.01,2022-03-30,1387,active,True,low,low,0.04105853743556548,11,66132.87,1
e189eb2c-f6a8-479f-851e-da14767671b5,user0241@example.com,James,Ferguson,(693)229-1369x6480,1977-07-28,04150 Robinson Valleys Suite 051,Cleveland,OH,USA,06515,POL-000241,auto,2023-09-12,2024-09-11,1231.88,65304.16,2023-09-12,856,active,True,low,low,0.07935300100523517,7,16021.18,1
6815fe32-e6c8-468c-8cfd-6231b7e9ccb1,user0242@example.com,Natasha,Russell,838.879.6334x67464,1993-04-13,27399 Baker Isle,Anchorage,AK,USA,78441,POL-000242,health,2025-01-17,2027-01-17,11977.85,327327.41,2025-01-17,363,active,True,low,low,0.06223620002207092,7,18797.73,0
052abc7c-075d-4905-94ed-215829996367,user0243@example.com,Brian,Friedman,001-241-901-0276,1996-09-06,951 Evans Path,Tucson,AZ,USA,34890,POL-000243,health,2021-10-08,2022-10-08,16904.94,518369.3,2021-10-08,1560,active,True,low,low,0.04697593436046424,12,153132.61,0
cb511999-99fc-4f36-a152-fae67477e268,user0244@example.com,Steven,Knight,738.633.0614x4357,1990-12-22,935 Sonya Key Apt. 602,Albuquerque,NM,USA,61756,POL-000244,home,2023-12-30,2024-12-29,8480.15,686362.31,2023-12-30,747,active,True,low,low,0.059827497436486646,6,3742.57,2
d594774a-cdd5-4479-8702-70389f8bba07,user0245@example.com,Richard,Rose,567-307-1812x92361,1957-06-05,4599 Choi Cove Apt. 376,Mesa,AZ,USA,66108,POL-000245,home,2021-03-07,2023-03-07,10456.78,736459.72,2021-03-07,1775,active,True,medium,medium,0.12441252724814283,11,33794.020000000004,1
f8386be6-36b6-4daa-89f0-c1fe67cd1a9b,user0246@example.com,Matthew,Steele,001-207-991-0651x06407,1980-08-24,8483 Jeremy Path Suite 736,Houston,TX,USA,43566,POL-000246,auto,2023-04-08,2024-04-07,2268.01,185574.99,2023-04-08,1013,active,True,low,low,0.0647788287541446,5,10178.44,0
77e182d1-3be4-4771-8eb1-55348926031f,user0247@example.com,Hannah,Smith,549-827-2809x0317,1996-08-24,16785 Vaughan Grove Apt. 889,Miami,FL,USA,41847,POL-000247,home,2024-05-03,2025-05-03,7137.41,578268.87,2024-05-03,622,active,True,high,high,0.30566591366493084,14,22211.96,2
0bf038cc-133e-409e-ae72-6ea858478db5,user0248@example.com,Briana,Johnson,(207)356-0526,1993-02-22,02999 James Forges,Tucson,AZ,USA,03296,POL-000248,health,2026-01-07,2027-01-07,14944.21,540306.91,2026-01-07,8,active,True,medium,medium,0.1377665750567192,9,42979.25,0
c61500ae-2513-429c-b4a2-99058ca1e8db,user0249@example.com,Lynn,Martin,356.754.0307,1965-12-31,73201 Michelle Road,New York,NY,USA,80357,POL-000249,life,2025-10-31,2026-10-31,3388.86,190893.74,2025-10-31,76,active,True,low,low,0.07985495557675834,6,6458.11,0
482e0983-af1c-4b7b-b8f1-d8a376838f8e,user0250@example.com,Clarence,Bray,600-342-3182x06820,1995-05-19,305 Schmidt Station,Seattle,WA,USA,59258,POL-000250,auto,2022-10-28,2024-10-27,2266.85,107828.55,2022-10-28,1175,active,True,medium,medium,0.14436602930308548,8,21246.34,0
f13635ac-3120-4f62-8843-7c503fb7dfaf,user0251@example.com,Zachary,Ramos,797.339.8245x5381,1981-02-11,38264 Brenda Ways Apt. 852,San Francisco,CA,USA,47993,POL-000251,auto,2022-02-15,2023-02-15,6299.24,278610.43,2022-02-15,1430,active,True,medium,medium,0.18781122636074044,15,36492.81,0
00678813-9265-49fd-ad6e-dceb3dc8bfd2,user0252@example.com,Stuart,Barnes,781.655.9030x81969,1965-03-23,1504 Richards Crescent Suite 089,Mesa,AZ,USA,18356,POL-000252,auto,2022-11-11,2024-11-10,1627.12,128295.51,2022-11-11,1161,active,True,low,low,0.07411496647027296,9,14999.66,1
d35cd1e2-20a1-4d51-947d-e9963c55fcbd,user0253@example.com,Keith,Joseph,7355076955,1971-05-26,810 Elizabeth Mission Suite 547,Nashville,TN,USA,59748,POL-000253,home,2024-04-22,2025-04-22,4882.13,392321.7,2024-04-22,633,active,True,low,low,0.07827319471312966,7,25161.549999999996,0
74a01340-fb6c-4abc-906a-08a1d5cdc263,user0254@example.com,Sarah,Nelson,001-425-641-2387,1992-10-06,9790 Trevor Station,Cincinnati,OH,USA,37859,POL-000254,home,2024-03-04,2026-03-04,3504.5,294341.4,2024-03-04,682,active,True,high,high,0.327015174568873,22,42412.17,5
96b0756d-f719-4eb3-a430-6c47dd0e99cf,user0255@example.com,Patricia,Greene,784-896-7416x6239,1988-04-05,25593 Valenzuela Extension Suite 674,Indianapolis,IN,USA,82298,POL-000255,home,2025-05-29,2027-05-29,9263.79,740706.57,2025-05-29,231,active,True,high,high,0.32329073888169774,21,22700.64,10
b397e992-fc1b-49f8-829f-e606b05138ef,user0256@example.com,Andrew,Turner,(627)727-6531,2005-01-17,1700 Campbell Lakes,Las Vegas,NV,USA,44592,POL-000256,life,2024-09-15,2025-09-15,7739.55,1367967.21,2024-09-15,487,active,True,low,low,0.03959731434488052,8,5362.33,1
fdc497f0-fda0-4513-9668-26c923127c3c,user0257@example.com,Kristy,Gomez,+1-855-862-1683x357,1979-07-24,49108 Malone Center Suite 317,Kansas City,MO,USA,12139,POL-000257,auto,2023-10-25,2024-10-24,2436.02,162506.06,2023-10-25,813,active,True,low,low,0.046297916481989956,5,16519.25,0
b73db2c6-4406-4ce7-b2a9-4bca4e000279,user0258@example.com,Mark,Ruiz,321-897-9336x86093,1952-02-17,010 Watson Track Apt. 911,Albuquerque,NM,USA,14660,POL-000258,home,2022-11-21,2024-11-20,2674.52,271932.82,2022-11-21,1151,active,True,medium,medium,0.17483524178970333,13,24695.47,2
c8d3ed61-35a0-43e1-95fc-20b3459bd6c0,user0259@example.com,James,Williams,(240)409-3339x6379,2002-10-18,878 Sherry Circles,Jacksonville,FL,USA,73848,POL-000259,health,2022-11-19,2024-11-18,22190.57,612353.24,2022-11-19,1153,active,True,low,low,0.068476281800857,5,46531.93000000001,1
d2c241cd-0ed5-470e-8572-65fc218eb4b7,user0260@example.com,Jason,Phillips,581.667.6634x208,1979-10-06,42664 Ramirez Stream,Phoenix,AZ,USA,54637,POL-000260,health,2023-09-12,2024-09-11,8908.72,240784.23,2023-09-12,856,active,True,low,low,0.0635713690317263,10,49262.03,1
38b7fa28-2ff8-4f2e-9884-916fd00b0a35,user0261@example.com,Melanie,Scott,+1-383-927-9663x7958,1975-10-08,9924 Fox Shore Apt. 446,San Francisco,CA,USA,80436,POL-000261,auto,2022-07-28,2023-07-28,2344.41,119356.68,2022-07-28,1267,active,True,low,low,0.06156807191779452,6,8135.95,0
1c101fe1-edcf-450c-86cf-df7b6f9f5d2e,user0262@example.com,Laura,Jensen,831-255-6642x39402,1999-02-27,9666 Susan Crossing Apt. 292,Madison,WI,USA,32350,POL-000262,health,2022-02-14,2024-02-14,22790.62,605220.24,2022-02-14,1431,active,True,low,low,0.05166872649773724,6,14900.39,0
8d8a8d64-5578-4bc0-8739-45e880994c8a,user0263@example.com,Debra,Proctor,+1-924-668-7220x3733,1953-02-15,138 Vasquez Hollow Suite 783,Chicago,IL,USA,07245,POL-000263,health,2024-05-12,2025-05-12,20788.94,968221.43,2024-05-12,613,active,True,low,low,0.02320607614346103,5,21866.65,0
46f0c6f8-f643-4c7d-be3d-b3116580be39,user0264@example.com,Kristin,Murphy,(357)465-7868x0055,2003-03-14,644 Lewis Mall Apt. 270,Austin,TX,USA,48688,POL-000264,home,2025-09-04,2026-09-04,2905.68,489454.16,2025-09-04,133,active,True,low,low,0.06608536270511998,10,15534.470000000001,0
733f2c40-0553-4e24-ad41-84d1e8d85258,user0265@example.com,Jonathan,Hamilton,844.920.0421,1964-07-17,2035 Crystal Course,Seattle,WA,USA,75428,POL-000265,auto,2023-02-03,2024-02-03,2876.21,259460.35,2023-02-03,1077,active,True,low,low,0.07286630890139395,5,10699.12,0
845bef2c-c90a-4519-b1ea-f4f4ff77391e,user0266@example.com,Michael,Raymond,7562513358,1981-07-22,22987 Jenkins Ford Apt. 790,Long Beach,CA,USA,37089,POL-000266,life,2025-11-22,2026-11-22,15573.28,1388432.75,2025-11-22,54,active,True,low,low,0.061372052534324914,6,3462.86,0
93a093cd-a6e5-4b83-bc0c-34f6dd667eaa,user0267@example.com,James,Davis,(608)791-7005x2291,1976-09-01,659 Matthew Curve Suite 025,Houston,TX,USA,81296,POL-000267,life,2021-09-06,2022-09-06,22395.0,1526501.44,2021-09-06,1592,active,True,low,low,0.04131737859315912,8,6556.9400000000005,0
9d80763f-2dcc-4e12-bed4-0852a37b3bde,user0268@example.com,Cody,Wilson,235-883-0407x7513,1954-06-30,16897 Morgan Flats,Chandler,AZ,USA,60781,POL-000268,home,2024-02-20,2025-02-19,6817.86,657219.63,2024-02-20,695,active,True,low,low,0.07044710431634688,6,36969.07,0
9626ba4e-0a76-4902-9537-ab3d993dc615,user0269@example.com,Yesenia,Allen,(504)331-9274,1960-06-15,5602 James Corners Suite 558,Minneapolis,MN,USA,03406,POL-000269,auto,2021-08-03,2023-08-03,1793.86,161818.24,2021-08-03,1626,active,True,low,low,0.07724789849426435,4,6018.24,0
19c78f8e-71fb-4712-a0be-3ba2d09dbcdf,user0270@example.com,Dustin,Chavez,352-267-2036x70275,1950-06-27,687 Ronald Alley Suite 711,Atlanta,GA,USA,23809,POL-000270,home,2023-02-17,2025-02-16,8340.92,791314.48,2023-02-17,1063,active,True,high,high,0.38962492962637113,19,48123.93,9
f31c7b7b-afb4-4c40-af08-ee61aa83bb60,user0271@example.com,Alexandra,Atkinson,693.623.5393x305,1992-08-12,65707 Lopez Wall Apt. 830,Lincoln,NE,USA,19887,POL-000271,life,2021-06-14,2022-06-14,2354.31,365469.08,2021-06-14,1676,active,True,medium,medium,0.15396580857487646,13,15792.060000000001,1
d441f657-8c51-4e9d-a679-258fab3d62ec,user0272@example.com,Randy,Baker,001-685-251-9020x4115,1995-03-23,93346 Cummings Fork,San Francisco,CA,USA,55111,POL-000272,home,2022-05-24,2023-05-24,1425.63,284675.67,2022-05-24,1332,active,True,low,low,0.06860840544472767,6,4084.5600000000004,0
0603301d-a88c-453a-835f-b050aba05e72,user0273@example.com,John,Stewart,001-654-537-0098x416,1976-03-09,21704 Brown Viaduct Apt. 592,Stockton,CA,USA,72826,POL-000273,life,2022-01-19,2024-01-19,7436.2,496438.64,2022-01-19,1457,active,True,medium,medium,0.12629588613660075,9,3360.2599999999998,1
1fc671dd-f4dd-4c9f-98a8-b45c7e5c2437,user0274@example.com,Mary,Walker,397.917.8568,1971-12-31,0591 Crane Freeway Apt. 010,Nashville,TN,USA,90368,POL-000274,health,2025-07-12,2027-07-12,10861.53,371108.17,2025-07-12,187,active,True,low,low,0.055965832521657294,3,4897.7300000000005,0
d4002751-3bba-490f-bce6-0e4b2f7de4b3,user0275@example.com,Michael,Bryan,569-883-3179,1966-09-18,89440 Bell Stravenue Suite 525,New Orleans,LA,USA,75334,POL-000275,auto,2022-10-09,2023-10-09,2667.8,215592.96,2022-10-09,1194,active,True,medium,medium,0.17504941273650804,12,12696.36,1
0c863a30-a76b-4168-a56d-83d7a3a2bf36,user0276@example.com,Mary,Mcdonald,+1-476-450-9462x07856,1976-02-24,0261 Ann Passage,Philadelphia,PA,USA,03118,POL-000276,auto,2022-01-19,2024-01-19,3302.84,237093.81,2022-01-19,1457,active,True,low,low,0.07290303838372378,8,10633.46,0
9eb8aed2-5640-44b1-91a9-b118d7e65c83,user0277@example.com,Anthony,Obrien,360.991.9490,1952-11-17,76280 Hickman Unions,San Antonio,TX,USA,88099,POL-000277,home,2024-09-25,2025-09-25,2252.3,252630.59,2024-09-25,477,active,True,low,low,0.06279930377007634,3,7604.73,0
39b1cb03-09e5-45a5-a23a-277038a5bcaf,user0278@example.com,Alexandria,Marshall,770.814.9726x8211,1987-08-05,6077 Cynthia Ranch Suite 691,Laredo,TX,USA,78206,POL-000278,health,2024-05-15,2025-05-15,28226.18,856360.3,2024-05-15,610,active,True,low,low,0.040324994252870436,7,12965.1,1
5db3ea7d-2eee-4447-846f-c36b5c999c26,user0279@example.com,Edward,Gomez,435-763-9748,1952-08-22,1674 Fowler Field Suite 818,Kansas City,MO,USA,17634,POL-000279,auto,2025-02-14,2026-02-14,3777.77,280935.78,2025-02-14,335,active,True,high,high,0.36242746227351713,20,50577.2,8
6bbb8b1a-b09c-4871-86cd-cea6605acbec,user0280@example.com,Tracy,Crawford,574.777.9359x95843,1972-06-18,25201 Bryan Light Suite 691,Arlington,TX,USA,19991,POL-000280,home,2024-09-09,2026-09-09,8602.08,759584.64,2024-09-09,493,active,True,medium,medium,0.1430636643643405,12,18499.04,1
4b3aa65d-d7e0-4e9a-ab89-1cbcb3a141cf,user0281@example.com,Travis,Ray,001-569-393-3530,1964-04-07,305 Moreno Passage Suite 533,Boston,MA,USA,43679,POL-000281,auto,2022-12-11,2023-12-11,3415.68,149899.63,2022-12-11,1131,active,True,low,low,0.05001787246363952,4,22867.75,0
a6308cbf-02bb-4b8a-a9d1-0f1c3c9ad10b,user0282@example.com,Gregory,Norris,3293487478,1960-11-04,9934 Martinez Fort,New Orleans,LA,USA,75288,POL-000282,auto,2025-04-02,2026-04-02,5500.05,288660.04,2025-04-02,288,active,True,low,low,0.07603708031496309,6,14583.060000000001,1
4267a6e7-623b-47aa-a88e-719c82b37fea,user0283@example.com,Lauren,Taylor,617.978.6503,1971-09-14,5777 Stephen Ford,Atlanta,GA,USA,10221,POL-000283,health,2025-11-26,2026-11-26,16916.47,712825.49,2025-11-26,50,active,True,low,low,0.03616158203981226,11,61836.96,1
ba8e85af-52c9-4d76-942b-2592efea0d39,user0284@example.com,Elizabeth,Lewis,+1-453-953-8115x7509,1959-03-14,036 Hayes Knoll Suite 294,Louisville,KY,USA,26332,POL-000284,auto,2025-08-11,2027-08-11,914.76,78825.27,2025-08-11,157,active,True,high,high,0.3579189951504958,16,50574.97,5
e9cc821c-3fde-48fe-a68c-fd0e312053dc,user0285@example.com,Craig,Herrera,608.685.5069x439,1996-07-18,104 Michele Tunnel,Tucson,AZ,USA,98631,POL-000285,auto,2022-01-13,2023-01-13,1147.39,105772.5,2022-01-13,1463,active,True,low,low,0.02620369619780249,2,5794.68,0
46efabb0-bc8b-4280-a46f-ebfb698a7891,user0286@example.com,Jorge,Lee,392-510-1818x896,2005-09-06,7538 Hogan Roads,Plano,TX,USA,10667,POL-000286,home,2024-01-01,2024-12-31,5072.08,352096.25,2024-01-01,745,active,True,low,low,0.07435663807557587,5,13244.52,0
e7291587-bdf9-43c3-881d-c9abf3908091,user0287@example.com,Mark,Porter,447.856.0164,1960-11-27,4620 Suzanne Village Apt. 546,Louisville,KY,USA,82156,POL-000287,auto,2021-07-16,2023-07-16,3199.02,152963.07,2021-07-16,1644,active,True,low,low,0.04709833973113027,5,15793.2,0
4f9e07b4-0e9d-4e17-832e-ad4b6238a5b1,user0288@example.com,Gene,Alvarado,001-640-871-7343,1972-04-02,547 Jennifer Causeway,Cincinnati,OH,USA,55173,POL-000288,auto,2024-07-31,2025-07-31,2172.89,190173.62,2024-07-31,533,active,True,high,high,0.2800703571649539,25,55159.33,5
3a56c73f-c8ea-4ac0-93f5-46e16bd3dd03,user0289@example.com,Lacey,House,410.279.5163x52141,2002-12-21,1756 Patrick Canyon,Indianapolis,IN,USA,80110,POL-000289,health,2021-04-16,2023-04-16,7058.72,242457.63,2021-04-16,1735,active,True,low,low,0.056341954427592544,6,13906.93,0
db93535f-2cbe-49b0-b1ea-dd1db785a7bd,user0290@example.com,Johnny,Greer,354.713.3366x50285,2002-07-08,179 Elizabeth Stream Suite 829,Lexington,KY,USA,08305,POL-000290,home,2022-09-22,2023-09-22,2630.32,463704.67,2022-09-22,1211,active,True,high,high,0.3197034202667748,17,21985.15,3
a6bdda68-78d9-4d52-92de-46cea47473e5,user0291@example.com,Gregory,Pratt,001-622-319-1142,1966-11-14,13856 Beverly Haven Apt. 652,Louisville,KY,USA,01250,POL-000291,health,2024-07-22,2026-07-22,12182.52,544610.5,2024-07-22,542,active,True,medium,medium,0.12109118766687048,13,37777.11,1
587f5220-2ef7-471b-b21d-56270a3bc5ad,user0292@example.com,Maria,Hoover,6176402098,1975-04-26,5948 Hannah Drive Suite 291,Stockton,CA,USA,32914,POL-000292,health,2025-07-25,2026-07-25,10953.5,366177.55,2025-07-25,174,active,True,medium,medium,0.15368951235472653,6,37894.78,2
5158ccd2-6da3-4ac4-82e6-c86408fa4340,user0293@example.com,Stephen,Barnett,+1-216-344-9153x218,1955-09-29,523 Michael Village,Madison,WI,USA,70443,POL-000293,auto,2024-05-06,2026-05-06,1074.03,99172.14,2024-05-06,619,active,True,low,low,0.03188784450941462,6,18623.530000000002,0
85564828-03f1-4694-aeee-2724a7354de5,user0294@example.com,Paige,Young,(884)902-2462,1998-05-22,02534 John Manors,Dallas,TX,USA,58305,POL-000294,auto,2024-11-15,2025-11-15,1574.9,95733.83,2024-11-15,426,active,True,low,low,0.07906651721500209,5,6335.27,0
05b7aabb-3c1c-49bd-8750-f0ed90a55917,user0295@example.com,Lisa,Wells,8429939876,1967-07-30,2107 White Highway Apt. 033,Charlotte,NC,USA,92114,POL-000295,health,2025-01-13,2027-01-13,20575.86,774242.04,2025-01-13,367,active,True,low,low,0.05665160501101102,5,10770.05,0
40b71de2-3026-499f-a913-2179280a4e48,user0296@example.com,Lacey,Bond,4978247254,1970-02-16,8939 Todd Vista,Detroit,MI,USA,57438,POL-000296,home,2021-03-20,2022-03-20,2973.04,334564.05,2021-03-20,1762,active,True,low,low,0.0449593764785145,7,15918.539999999999,0
b85a5559-55e8-46c8-8535-2523e1c41b33,user0297@example.com,Stephanie,Mckinney,498.552.3818,2002-09-10,278 Black Neck,Charlotte,NC,USA,97178,POL-000297,home,2024-10-18,2025-10-18,5353.71,538516.88,2024-10-18,454,active,True,low,low,0.06391239518376321,8,13576.63,1
732a8de5-831f-45e6-bd40-6805e68020e7,user0298@example.com,Joshua,Curtis,557.331.8995,1997-08-19,992 Debra Island Apt. 470,Sacramento,CA,USA,45875,POL-000298,home,2025-08-18,2027-08-18,7194.03,542728.35,2025-08-18,150,active,True,high,high,0.2912854158896684,16,21193.14,8
cecd525c-5948-4340-ac6a-cfa333a56c20,user0299@example.com,Taylor,Bond,+1-807-575-0884x9499,1995-05-29,8662 John Branch Suite 951,Boston,MA,USA,80571,POL-000299,home,2021-01-26,2023-01-26,10940.73,737902.55,2021-01-26,1815,active,True,medium,medium,0.15192874804597833,14,13862.86,3
bade1aad-957b-48a4-9ee5-6ee5ba255c44,user0300@example.com,Jonathan,Ramirez,(742)325-9551x330,1970-05-25,635 Samantha Squares,New York,NY,USA,13542,POL-000300,auto,2024-12-10,2025-12-10,5248.33,245421.77,2024-12-10,401,active,True,low,low,0.04871869223303149,10,17956.45,1
2debb8b5-2f7a-4a6c-ad3d-fad127721875,user0301@example.com,Robert,Parker,236-636-5905,1953-10-20,2234 Robert Squares,Madison,WI,USA,64315,POL-000301,auto,2021-03-02,2023-03-02,2859.77,252771.81,2021-03-02,1780,active,True,low,low,0.06834052274256225,8,8980.36,0
84c39297-5869-41d5-9da7-d192a82fedce,user0302@example.com,Kristin,Owens,9323381281,2001-06-22,4752 Chad Estates,Detroit,MI,USA,58334,POL-000302,home,2025-04-02,2026-04-02,6741.07,607835.48,2025-04-02,288,active,True,medium,medium,0.18151841561829035,10,10553.0,1
6eb03022-a698-41e4-8c9e-6f5a98877351,user0303@example.com,Stacy,Henderson,001-473-511-4933x10886,1953-02-28,594 Anthony Via Apt. 803,Laredo,TX,USA,92904,POL-000303,home,2024-10-13,2026-10-13,2479.61,264846.5,2024-10-13,459,active,True,low,low,0.07831705071558834,5,5087.09,0
d399682f-1df6-4b4e-a6ec-d051be95753a,user0304@example.com,Amy,Watson,600-221-8241,1981-08-03,28461 Walters Mountains Suite 321,Atlanta,GA,USA,37404,POL-000304,auto,2023-02-15,2024-02-15,2414.34,208366.03,2023-02-15,1065,active,True,low,low,0.05771264185273167,5,17495.78,0
f4c41fa9-f463-4094-8583-a513f5cb0aef,user0305@example.com,Audrey,Atkins,5325043474,1967-10-31,06510 Kelly Locks,Tucson,AZ,USA,00755,POL-000305,health,2023-11-16,2024-11-15,15491.99,391721.66,2023-11-16,791,active,True,low,low,0.022241176186133298,7,16533.53,0
f69a30db-d235-48f7-ab1e-1ea8e87da372,user0306@example.com,Cristina,Rodriguez,235-955-7942,1994-02-09,239 Henderson Wall,Stockton,CA,USA,91261,POL-000306,auto,2021-05-13,2023-05-13,6989.42,299555.61,2021-05-13,1708,active,True,low,low,0.022899464531323816,10,31016.34,0
09bbd7ca-6f4f-4b70-9e8c-4f8fece79d0a,user0307@example.com,Diane,Burns,001-718-398-9878x77677,1962-09-01,1239 Amanda Ports Apt. 972,Arlington,TX,USA,05969,POL-000307,auto,2023-05-11,2025-05-10,2033.17,86276.39,2023-05-11,980,active,True,medium,medium,0.19750531531867016,18,70451.13,2
9eb3787c-23b5-436c-b218-21bc93ce11ec,user0308@example.com,Thomas,Williams,(619)345-5868x173,1981-04-10,9640 Connie Underpass,Lexington,KY,USA,14518,POL-000308,health,2022-06-05,2024-06-04,9632.58,411157.23,2022-06-05,1320,active,True,medium,medium,0.12631844794929853,10,50389.59,2
961dd5a3-17d4-4982-891a-5e2369504d26,user0309@example.com,Todd,Flores,593-591-8536x20544,1983-11-19,95406 Zachary Vista Suite 702,Plano,TX,USA,07650,POL-000309,health,2022-10-11,2024-10-10,34680.51,922388.5,2022-10-11,1192,active,True,medium,medium,0.19997930178064743,14,175019.65,3
c304fd12-b258-4c08-9387-18fdecddf3ab,user0310@example.com,Tabitha,Jones,(737)684-2055x553,1966-06-02,8967 Hale Parkway,Arlington,TX,USA,69396,POL-000310,home,2024-09-24,2025-09-24,5286.65,356747.08,2024-09-24,478,active,True,medium,medium,0.19183184838194017,16,41787.07,2
0ba3313c-79b7-42ef-b8ac-d1ed347638e0,user0311@example.com,Leah,Ho,(221)600-7204,1978-09-20,24617 Barnett Plain,Louisville,KY,USA,91314,POL-000311,health,2023-09-23,2024-09-22,24922.37,643717.57,2023-09-23,845,active,True,low,low,0.03404031722962219,5,40191.31,0
c275631f-5e38-4fc4-bc08-2afae5d72b4e,user0312@example.com,Sherry,Davis,6486667186,1958-09-05,44704 Harrison Crescent Apt. 187,Dallas,TX,USA,61606,POL-000312,auto,2021-02-11,2022-02-11,1399.01,58973.19,2021-02-11,1799,active,True,low,low,0.0411209949501127,12,31461.39,0
daa5acce-f3da-4c3d-93e2-0d6ffdd8378a,user0313@example.com,Jerry,Moore,904.643.0732x466,1984-11-17,04381 Ramos Ranch,Minneapolis,MN,USA,97584,POL-000313,auto,2024-12-05,2026-12-05,4830.81,251181.5,2024-12-05,406,active,True,low,low,0.06522683606518492,6,11407.210000000001,0
63a9c1e3-7897-44fe-b303-46ea6b644b57,user0314@example.com,Brittany,Thomas,(892)647-0481x1301,1964-04-02,45651 Gabriel Land,San Diego,CA,USA,78446,POL-000314,home,2023-07-16,2024-07-15,5273.44,393842.64,2023-07-16,914,active,True,low,low,0.037860422935570744,4,1128.46,0
e3db44c5-3ca0-48be-97f0-fb53b49350d2,user0315@example.com,Lisa,Brown,943.674.3256,1951-09-07,62512 David View Suite 411,Los Angeles,CA,USA,15383,POL-000315,health,2021-06-10,2023-06-10,29661.3,921969.74,2021-06-10,1680,active,True,low,low,0.05359132280206863,10,27221.67,1
d4f3ede7-4bd2-4a53-9437-6ebe21d0877a,user0316@example.com,Samantha,Johnson,(506)207-1369,1995-07-07,21442 Mueller Mill Apt. 538,Austin,TX,USA,35302,POL-000316,auto,2023-12-30,2025-12-29,2533.3,123097.76,2023-12-30,747,active,True,medium,medium,0.17883492751137492,7,15694.15,0
ac9512fe-17b5-4dd2-a38c-ebecb96f493d,user0317@example.com,Leslie,Coleman,461-859-9944,1995-12-24,455 Samuel Trail,Denver,CO,USA,42015,POL-000317,life,2024-05-21,2025-05-21,3251.27,293709.84,2024-05-21,604,active,True,low,low,0.02374685187185045,8,7618.53,0
f9fe448e-24e7-4c56-bb7e-2373d1fb5e7a,user0318@example.com,Eric,Moreno,001-495-508-1499x4023,1970-03-08,358 Heather Skyway Suite 288,Long Beach,CA,USA,04467,POL-000318,health,2023-09-18,2024-09-17,5046.5,150835.08,2023-09-18,850,active,True,low,low,0.0705822168156622,7,23112.11,0
6b35c940-90e9-4bc2-a488-ba68e333904a,user0319@example.com,Sara,Simpson,6784197354,1970-10-23,777 King Tunnel Suite 964,Arlington,TX,USA,77479,POL-000319,home,2022-09-19,2023-09-19,4956.22,380293.26,2022-09-19,1214,active,True,low,low,0.036320154423859385,7,9602.92,0
effd2a49-58d2-45ff-98ef-dd4f97b10534,user0320@example.com,Kevin,Campbell,8066069882,1981-09-22,755 Tyler Ramp,Anchorage,AK,USA,30368,POL-000320,auto,2022-04-06,2024-04-05,2526.38,134115.29,2022-04-06,1380,active,True,low,low,0.04726533914957247,3,4737.43,0
76504044-7b9c-46ce-8e6f-31f7df88a30b,user0321@example.com,Lisa,Hart,+1-746-609-1210x4072,1997-01-03,396 Christopher Mews Apt. 993,Arlington,TX,USA,19026,POL-000321,auto,2024-12-17,2026-12-17,5450.35,244139.37,2024-12-17,394,active,True,low,low,0.023568809786503372,6,14155.990000000002,0
bdd48b7f-5508-4fd1-bada-68ba30881284,user0322@example.com,Julia,Harrison,292.562.5174x316,1957-09-04,394 Emily Ranch,Atlanta,GA,USA,67153,POL-000322,health,2025-04-01,2026-04-01,32835.81,886973.1,2025-04-01,289,active,True,low,low,0.06663225484105113,4,33666.01,0
b446c9bb-af40-42fd-87f3-62b80c68a40d,user0323@example.com,Jonathan,Adams,(978)695-2361,1983-02-03,4959 Cameron Street Apt. 273,Detroit,MI,USA,95613,POL-000323,home,2025-09-16,2026-09-16,2216.79,231653.97,2025-09-16,121,active,True,medium,medium,0.19537263336239946,14,14444.74,0
533f7ada-6e30-47f1-bd07-f07cd60f5d49,user0324@example.com,Jenna,Roberts,001-527-818-3224x0239,2000-01-24,6176 Page Trafficway,Jacksonville,FL,USA,87836,POL-000324,health,2021-08-01,2022-08-01,20983.34,825213.58,2021-08-01,1628,active,True,low,low,0.04829651424446554,8,43906.52,0
6a781bd2-d429-451b-b978-9be82a9cf9b4,user0325@example.com,Billy,Chandler,(755)211-2863x8110,2004-06-04,920 Hampton Highway,Memphis,TN,USA,89521,POL-000325,auto,2022-06-03,2023-06-03,5361.6,226470.61,2022-06-03,1322,active,True,low,low,0.05914908370436946,8,14965.95,0
81c56e5a-77eb-466b-9ec2-7a0a2ed7bca2,user0326@example.com,Briana,Jackson,527.967.7423x93543,1961-04-06,783 Carrillo Prairie,Houston,TX,USA,25025,POL-000326,auto,2024-03-21,2026-03-21,3142.82,210693.42,2024-03-21,665,active,True,low,low,0.07160441113938756,6,10255.289999999999,0
f13fdfb7-38af-4cf3-a179-8c7b39b55e29,user0327@example.com,Susan,Wilson,5266077214,2005-05-10,653 Jones Knolls Suite 310,San Antonio,TX,USA,47175,POL-000327,auto,2021-06-08,2022-06-08,3498.67,284513.46,2021-06-08,1682,active,True,low,low,0.020590809500720657,6,23570.31,0
595464da-575d-4a88-b5f0-b61143b24a94,user0328@example.com,Ann,Hansen,587-530-9507,1977-02-16,29734 Judy Path,Los Angeles,CA,USA,45050,POL-000328,auto,2021-12-11,2022-12-11,1316.96,110219.52,2021-12-11,1496,active,True,medium,medium,0.17723489626212324,10,18587.08,1
cfaf1715-bd50-4c6d-96dc-d2b2c033f262,user0329@example.com,Tiffany,Moore,001-275-990-8268x009,1958-10-13,712 Alexandra Vista,Cleveland,OH,USA,99143,POL-000329,auto,2021-04-18,2022-04-18,3956.33,188789.93,2021-04-18,1733,active,True,low,low,0.05197258608180484,5,6938.14,0
b8aa2148-55bf-40c0-aad2-c3b3786608bf,user0330@example.com,Michael,Sanchez,+1-959-760-2331x5998,1956-09-15,9032 Alexander Plaza Apt. 609,Long Beach,CA,USA,37595,POL-000330,auto,2025-11-30,2027-11-30,5152.87,244420.09,2025-11-30,46,active,True,high,high,0.38394468875572413,25,75145.65,6
67160e2b-dd9e-4875-ad23-a0dd93ba536d,user0331@example.com,Steven,Smith,001-941-730-0788x6758,1969-10-18,95914 Williams River Suite 236,Fort Worth,TX,USA,54542,POL-000331,home,2025-09-24,2027-09-24,5182.54,710226.15,2025-09-24,113,active,True,low,low,0.034382544694546685,9,6513.84,2
baa95da7-0b9f-4bef-ba26-a960b46a396f,user0332@example.com,Erica,Anderson,(286)651-8142,1996-01-17,845 Evelyn Spurs,San Jose,CA,USA,34481,POL-000332,home,2024-02-23,2025-02-22,2302.21,280694.06,2024-02-23,692,active,True,low,low,0.0748066819085354,7,12959.84,0
2670902e-6075-4e1f-9bf8-7f69f1eec319,user0333@example.com,Dustin,Tucker,(243)949-3941x6674,1982-04-13,858 Griffin River Apt. 106,Nashville,TN,USA,85124,POL-000333,auto,2025-07-27,2027-07-27,2473.93,111891.13,2025-07-27,172,active,True,medium,medium,0.18103943490317553,10,20515.46,0
6a782736-a07c-4085-ade8-1218f4c2897d,user0334@example.com,Samuel,Davidson,(941)287-9397x89537,1954-03-30,9316 Kelly Skyway,Detroit,MI,USA,78834,POL-000334,life,2025-02-02,2026-02-02,22019.53,1928371.42,2025-02-02,347,active,True,high,high,0.27962103755285245,17,10347.76,3
a5c488d9-5537-4136-b265-19f214847351,user0335@example.com,Dylan,English,978.504.7040,1972-08-07,756 Valerie Square,Houston,TX,USA,77766,POL-000335,auto,2023-08-24,2024-08-23,2533.02,246620.76,2023-08-24,875,active,True,medium,medium,0.15861827099814269,10,28110.269999999997,2
40c08eef-f51a-4e83-b4da-478dac51db1a,user0336@example.com,Brendan,Arellano,001-432-573-5712x56721,1950-04-27,8959 Michael Divide Suite 256,Portland,OR,USA,50394,POL-000336,auto,2021-09-25,2022-09-25,4857.9,256701.78,2021-09-25,1573,active,True,medium,medium,0.18351146894096576,12,22289.12,3
3ecc8a43-d956-4ed4-87ac-6bff95ddcb6a,user0337@example.com,Betty,Mueller,2575836903,2002-05-07,36532 Hamilton Plain Suite 997,Detroit,MI,USA,94889,POL-000337,life,2021-02-19,2022-02-19,1559.05,154789.02,2021-02-19,1791,active,True,medium,medium,0.12862826116498474,8,3982.3,4
eff78384-cada-417e-93f1-5ef5ef4233b9,user0338@example.com,Lisa,Johnson,206.200.7461x4337,1995-07-04,744 Paul Mill,Phoenix,AZ,USA,11307,POL-000338,auto,2025-01-18,2027-01-18,4678.71,244592.98,2025-01-18,362,active,True,high,high,0.39563570671748044,20,87735.17,12
d97a8d79-dfa1-4123-a704-cbd03c6240aa,user0339@example.com,Dana,Abbott,(638)776-2157x7405,1998-05-16,1824 Parker Harbor Apt. 785,San Jose,CA,USA,31154,POL-000339,auto,2024-05-03,2026-05-03,3645.64,149061.84,2024-05-03,622,active,True,medium,medium,0.16311846995600965,13,95059.44,3
74cf3937-a60b-4e93-a22c-30dd747e7a91,user0340@example.com,John,Swanson,+1-488-572-6349x212,1991-06-09,59007 Jason Dam,Philadelphia,PA,USA,87246,POL-000340,health,2024-03-05,2025-03-05,18695.75,680370.44,2024-03-05,681,active,True,low,low,0.07705648111195006,5,72086.85,2
1d594240-9dd4-46be-8b69-663334b06f2a,user0341@example.com,Keith,Nelson,645.767.7154x17660,1974-04-07,116 Wood Shoal,Houston,TX,USA,53017,POL-000341,health,2024-07-07,2026-07-07,10661.08,429327.49,2024-07-07,557,active,True,low,low,0.06033203981390674,8,54058.71,0
f28817fb-e449-4cf6-9333-a9c1c5dcc052,user0342@example.com,Kristin,Contreras,765.476.6647x608,1950-07-12,296 Rivera Islands Apt. 175,Philadelphia,PA,USA,08630,POL-000342,auto,2023-06-30,2024-06-29,3964.62,226637.45,2023-06-30,930,active,True,high,high,0.3804894343595491,23,98120.70999999999,5
97884915-f832-4ca8-8c0d-fceb250b7ea6,user0343@example.com,Cindy,Stone,829.388.7275x44220,1989-11-18,069 Brooke Plain Suite 386,Indianapolis,IN,USA,90360,POL-000343,home,2022-06-23,2023-06-23,4838.6,488054.09,2022-06-23,1302,active,True,medium,medium,0.17775815694388247,10,20535.19,1
0aba8f4a-427b-449b-a27b-a17f3d6424c7,user0344@example.com,Bryan,Mcbride,(346)663-9032,1964-05-17,83933 Penny Coves,New York,NY,USA,15186,POL-000344,auto,2022-06-01,2024-05-31,2922.21,251426.2,2022-06-01,1324,active,True,low,low,0.07920180776482542,7,7907.83,1
4950f048-2877-4249-b856-394c947d8b66,user0345@example.com,William,Barnett,(754)488-5587x5524,1983-01-26,1436 Mayer Key,New York,NY,USA,60115,POL-000345,auto,2025-01-15,2027-01-15,2189.48,110078.08,2025-01-15,365,active,True,medium,medium,0.19277814703473578,11,11072.3,3
9c1e3938-61bc-416a-af13-775e335f50d5,user0346@example.com,Alexandra,Stewart,898.538.7135x566,1988-02-23,958 Beck Cliff,Plano,TX,USA,61315,POL-000346,auto,2024-07-28,2025-07-28,1475.88,64100.34,2024-07-28,536,active,True,low,low,0.03768289081138813,9,19239.6,0
5781acf0-898d-4716-955c-57b5908faf3e,user0347@example.com,Sandra,Murphy,+1-960-819-9916x24694,1990-11-07,368 Taylor Pine,San Jose,CA,USA,47934,POL-000347,auto,2024-04-20,2025-04-20,5315.71,297746.54,2024-04-20,635,active,True,low,low,0.03228283685570608,6,13058.84,0
668ad89e-dc04-4ed9-8df0-192764a22b08,user0348@example.com,Todd,Lawrence,967.399.0102,1985-03-24,952 Jacob Shore,San Francisco,CA,USA,60033,POL-000348,auto,2025-03-21,2027-03-21,1753.39,133752.14,2025-03-21,300,active,True,high,high,0.30666952358641175,25,67493.81,8
91b9dd3f-ce16-40a9-b16c-21eadad79a10,user0349@example.com,Robyn,Martinez,(419)204-5624x462,1955-06-26,6339 Tricia Knoll Apt. 824,Sacramento,CA,USA,25222,POL-000349,auto,2021-10-31,2022-10-31,2135.04,194299.94,2021-10-31,1537,active,True,medium,medium,0.13530313253572115,11,26348.960000000003,2
250452a4-7edc-4af0-ab5a-a5e82da0b712,user0350@example.com,Patrick,Morris,+1-681-440-3075x59841,1953-08-05,435 Tony Land Apt. 933,Nashville,TN,USA,24630,POL-000350,auto,2024-09-11,2026-09-11,2986.74,216018.53,2024-09-11,491,active,True,high,high,0.26905503639598477,13,24186.45,4
185863c1-50c1-458c-beaf-048153f1aa54,user0351@example.com,Melissa,Bowman,001-597-302-4404,1951-06-08,7182 Erica Squares,Jacksonville,FL,USA,90869,POL-000351,health,2023-08-13,2024-08-12,37871.6,982887.67,2023-08-13,886,active,True,high,high,0.38471857520693187,18,105042.09,7
efac85cf-53d3-4a13-97ae-64afbba60e85,user0352@example.com,Sarah,Avila,973.776.5547x6172,1977-08-20,5481 Mcdonald Court,Laredo,TX,USA,24057,POL-000352,auto,2022-03-31,2024-03-30,5482.9,222161.26,2022-03-31,1386,active,True,low,low,0.06359626623991213,10,23856.66,1
1af60b74-a691-4add-ae16-845a29c18509,user0353@example.com,Richard,Rodriguez,+1-239-339-2942x70215,1962-01-31,39062 Montgomery Streets Suite 824,Charlotte,NC,USA,59019,POL-000353,health,2025-08-01,2027-08-01,12873.02,414905.92,2025-08-01,167,active,True,low,low,0.04157258867120021,11,68278.7,0
4729fdc9-f2be-412a-a636-f988a65ac8ec,user0354@example.com,Jason,Wilkerson,001-312-499-0371,2007-04-01,395 Murray Corners Suite 211,Albuquerque,NM,USA,55737,POL-000354,auto,2023-05-27,2025-05-26,2297.09,128319.0,2023-05-27,964,active,True,low,low,0.039455052431118236,8,10258.369999999999,0
eb627060-5cee-4b2f-82e3-976249309993,user0355@example.com,Jacob,Thompson,001-565-891-0044x364,1965-07-12,29691 Hernandez Spurs Apt. 072,Cincinnati,OH,USA,22147,POL-000355,life,2025-09-27,2027-09-27,1682.94,293333.6,2025-09-27,110,active,True,low,low,0.020318850149291724,7,6960.16,0
73bea49e-7ee8-4d72-8c06-e623dc096fb4,user0356@example.com,Susan,Sanders,535.527.8087x85710,1981-05-19,00090 Elizabeth Forest Apt. 586,Kansas City,MO,USA,85093,POL-000356,health,2025-08-20,2026-08-20,17110.61,507935.52,2025-08-20,148,active,True,medium,medium,0.14879312289722907,10,64573.83,2
a35d2b33-90e1-4e9c-a73f-82716c22a8ad,user0357@example.com,Sarah,Dyer,665-686-1728x4703,1996-08-20,24656 Mays Trail,Henderson,NV,USA,09028,POL-000357,auto,2025-10-28,2027-10-28,5460.84,247712.42,2025-10-28,79,active,True,low,low,0.06296892673254167,2,16136.97,0
99116044-eed2-4a2d-87b9-e94dbdf366aa,user0358@example.com,Kaitlyn,Navarro,817-757-3518x51769,1990-11-06,656 Bobby Route Apt. 375,Chandler,AZ,USA,20613,POL-000358,health,2022-09-16,2024-09-15,12941.4,326633.23,2022-09-16,1217,active,True,low,low,0.05682247817262484,10,38191.21,1
c9758c27-c93a-4803-973e-93dfdb364682,user0359@example.com,Megan,Doyle,942.710.9222x51455,1998-09-17,2376 Williams Cliff,San Jose,CA,USA,37822,POL-000359,home,2021-12-12,2022-12-12,3961.91,740903.37,2021-12-12,1495,active,True,low,low,0.0391927746000658,5,6015.18,0
5d18da14-c1fc-4235-8c93-a9938d8a0d2c,user0360@example.com,Russell,Lewis,(497)408-1372,1957-02-08,2439 Gabriel Route,Austin,TX,USA,48903,POL-000360,home,2021-10-03,2022-10-03,3879.4,689399.32,2021-10-03,1565,active,True,medium,medium,0.1852390212464109,15,31743.14,1
8ba3de0e-242e-462f-8f1b-8b37320fadbe,user0361@example.com,Jennifer,Nunez,296-928-4076x9539,1981-04-09,476 Mcdaniel Burg,Indianapolis,IN,USA,07093,POL-000361,health,2021-03-15,2022-03-15,15924.42,684305.9,2021-03-15,1767,active,True,low,low,0.022018983403941598,5,85403.77,0
70eee123-3bb2-48b3-8f0a-9e2f1b17661d,user0362@example.com,Samuel,Moore,566-866-9483x6094,1979-05-12,085 Riley Isle Suite 297,Philadelphia,PA,USA,24665,POL-000362,auto,2025-10-16,2027-10-16,1104.55,106440.77,2025-10-16,91,active,True,medium,medium,0.1778344537790883,8,24623.14,2
ebc416cd-89d5-45a6-8c75-abec32c659b3,user0363@example.com,Ariana,Jefferson,425.972.7346,2005-10-09,2334 Hutchinson Meadows Suite 610,Boston,MA,USA,46826,POL-000363,auto,2022-12-03,2024-12-02,5539.73,275825.28,2022-12-03,1139,active,True,medium,medium,0.19180228979014918,14,16608.98,6
61f48bdc-a95a-479e-9461-255a1c79e9cd,user0364@example.com,Stephanie,Greene,001-961-480-6862x8868,1965-10-21,403 Miller Meadow Suite 613,Sacramento,CA,USA,87954,POL-000364,health,2021-07-15,2022-07-15,5595.85,183968.07,2021-07-15,1645,active,True,low,low,0.07018305413787354,11,104419.18,0
47851b95-1041-4f17-9bd8-19a8045c64e9,user0365@example.com,Brandon,Hoffman,+1-833-518-3801,1965-07-29,123 Sheppard Rapids Apt. 980,Miami,FL,USA,12436,POL-000365,auto,2022-07-15,2023-07-15,5611.69,257132.56,2022-07-15,1280,active,True,medium,medium,0.14072281152826777,10,18698.26,0
4810cf24-c8cb-4663-849d-780e7c8cf077,user0366@example.com,Nancy,Moore,2164318520,1963-12-26,2313 Lisa Locks,Anchorage,AK,USA,84014,POL-000366,home,2024-11-30,2025-11-30,9833.22,658553.4,2024-11-30,411,active,True,low,low,0.06549815703263111,9,12243.1,0
dc076d48-a796-4ece-a12c-9e4223f996f9,user0367@example.com,Jay,Jones,001-809-982-1270x23189,1960-11-25,95903 Elizabeth Motorway,Portland,OR,USA,64196,POL-000367,life,2024-11-01,2025-11-01,23559.92,1315917.13,2024-11-01,440,active,True,medium,medium,0.19566277169927648,12,15411.03,2
6dfb2de0-60f2-4f5e-b4dc-b8fa81caa0db,user0368@example.com,Raymond,Johnston,001-600-601-9176x532,1980-10-03,87151 Mitchell Park Suite 691,Atlanta,GA,USA,15386,POL-000368,health,2024-03-19,2026-03-19,26072.17,871988.99,2024-03-19,667,active,True,high,high,0.26963968781901665,25,206964.16999999998,8
19fd227e-813c-44e8-858e-aed1cd2f5fee,user0369@example.com,Connie,Hurst,001-287-502-7282x040,1988-02-18,349 Guy Ford,Boston,MA,USA,22485,POL-000369,health,2023-05-13,2025-05-12,9695.1,289834.6,2023-05-13,978,active,True,low,low,0.06225554447014518,3,10698.26,0
607222ba-f517-4a9e-a168-578775a874d2,user0370@example.com,Elizabeth,Smith,(893)424-1832x527,1970-12-22,13116 Elliott Stream,Cleveland,OH,USA,38529,POL-000370,auto,2021-08-08,2023-08-08,1549.02,94280.36,2021-08-08,1621,active,True,high,high,0.26900691028513585,25,65934.87,8
7d21c489-282e-4f51-86af-52e673fe0973,user0371@example.com,Stephanie,Mcgee,(367)301-1678,1996-08-16,862 Harry Court Suite 386,Detroit,MI,USA,34132,POL-000371,auto,2021-11-12,2022-11-12,1390.24,92497.45,2021-11-12,1525,active,True,low,low,0.05647756104994052,4,18215.170000000002,0
efc838e8-8b2c-42e6-bc1f-71f8ab946787,user0372@example.com,Ryan,Hall,7225099417,1987-03-14,0531 Maxwell Circle,Stockton,CA,USA,87630,POL-000372,auto,2024-10-21,2025-10-21,577.25,56669.19,2024-10-21,451,active,True,low,low,0.07278862614318111,7,22304.059999999998,0
9bd7cfa4-e693-4d50-a894-b7e35162f764,user0373@example.com,Seth,Pope,9849852846,1953-08-26,467 Williams Avenue Apt. 076,Henderson,NV,USA,36231,POL-000373,health,2022-10-01,2023-10-01,5407.73,188252.06,2022-10-01,1202,active,True,medium,medium,0.19698423865394216,9,29030.36,1
b2ad2d20-dec0-4a15-ba9f-d9263582d0c6,user0374@example.com,Mariah,Morgan,435.450.1727x27973,1982-10-16,832 Michael Course,Baltimore,MD,USA,98989,POL-000374,health,2024-05-02,2026-05-02,22917.53,850039.86,2024-05-02,623,active,True,low,low,0.07352917501219765,5,12770.550000000001,0
866586e2-9ceb-4437-b903-6219cceb12e3,user0375@example.com,Margaret,Scott,(836)780-1990x50240,1953-10-06,471 Steven Skyway Suite 485,Kansas City,MO,USA,58163,POL-000375,life,2021-10-28,2022-10-28,17748.86,1702275.64,2021-10-28,1540,active,True,low,low,0.020620735788362,4,6712.86,0
b3e684ac-b2f0-4ce8-a17f-741532aeed92,user0376@example.com,Rita,Hawkins,612.340.7904,2004-07-23,011 Nicholson Isle,Anchorage,AK,USA,92081,POL-000376,health,2023-11-14,2024-11-13,36181.73,971076.12,2023-11-14,793,active,True,medium,medium,0.15590653545445188,13,89927.73,1
cf528a16-531c-4749-acfa-6f26b9c05285,user0377@example.com,Laura,Morales,261.495.2496x017,1995-11-13,4517 Chang Canyon Apt. 238,Fresno,CA,USA,01051,POL-000377,health,2023-01-26,2025-01-25,19901.61,646938.83,2023-01-26,1085,active,True,low,low,0.04812913748091448,6,67337.44,1
dd5bf703-22cf-40fc-b764-fa68a455f36a,user0378@example.com,Tracie,Bernard,478-627-7253x2095,1980-06-09,58727 Christine Wells Apt. 357,Atlanta,GA,USA,90214,POL-000378,home,2022-04-18,2023-04-18,2491.47,296361.89,2022-04-18,1368,active,True,low,low,0.039438756482605974,9,9406.76,1
b7fe9d0c-874e-42ed-b485-4b6b2b7139ae,user0379@example.com,Frank,Santana,6938986639,1966-08-21,2739 Luis Trace Suite 523,Fort Worth,TX,USA,79512,POL-000379,health,2024-03-03,2025-03-03,20255.12,606140.54,2024-03-03,683,active,True,low,low,0.06218563422556597,7,90928.17,0
123351a4-2055-494f-b427-d002a1db98b7,user0380@example.com,Jessica,Butler,462.227.3533x406,1999-06-17,3340 Jose Wells Apt. 156,Anchorage,AK,USA,90903,POL-000380,life,2021-06-04,2022-06-04,30423.92,1556739.95,2021-06-04,1686,active,True,low,low,0.0647752607087773,10,7981.76,1
7af6b420-f250-4536-ab8b-78e5b8994147,user0381@example.com,Nicole,Mercer,(563)562-8862,1971-03-06,4455 Jody Shoal,Phoenix,AZ,USA,40672,POL-000381,home,2022-01-07,2023-01-07,3215.73,414687.97,2022-01-07,1469,active,True,low,low,0.06843265978552505,9,16381.45,2
d27525eb-9813-476c-95ee-8db8fd4c9411,user0382@example.com,Monica,Villa,711-975-4944,1987-04-01,88424 Young Creek,Philadelphia,PA,USA,48615,POL-000382,health,2022-01-20,2023-01-20,23374.5,861658.6,2022-01-20,1456,active,True,low,low,0.06994992205915797,9,26386.36,1
0f6b8ea6-7188-4674-b3a0-06c69feba724,user0383@example.com,Claire,Martinez,(647)992-4642x99872,1992-04-15,99875 Michael Walk Apt. 075,Arlington,TX,USA,16128,POL-000383,auto,2021-05-30,2022-05-30,899.54,50396.16,2021-05-30,1691,active,True,low,low,0.04064452960222134,5,4044.65,0
34748544-f601-4e27-82f1-37c1d3d76079,user0384@example.com,Tina,Curtis,534.379.2305x78245,1951-07-13,46437 Case Inlet,Plano,TX,USA,27447,POL-000384,health,2022-05-05,2024-05-04,36233.68,959718.49,2022-05-05,1351,active,True,medium,medium,0.1454549983565111,12,81428.36,3
164c4cc0-e5f2-4083-8d47-f2a3476de59f,user0385@example.com,Vanessa,Reid,560-966-9610x696,2002-12-31,18790 Morgan Manors,Philadelphia,PA,USA,10662,POL-000385,auto,2024-10-04,2025-10-04,3274.31,168293.16,2024-10-04,468,active,True,medium,medium,0.19262981415481928,15,61688.39,4
3081ab77-43e8-4619-8d6b-bd0af84ce172,user0386@example.com,Joseph,Miller,001-301-812-5023,1952-08-06,27289 Mccormick Wall Apt. 212,Fort Worth,TX,USA,08375,POL-000386,auto,2025-04-14,2026-04-14,2250.25,224492.95,2025-04-14,276,active,True,medium,medium,0.18972057707925077,8,46556.92,4
b168e9c4-5a00-46ab-aea1-e14fe03d1678,user0387@example.com,Pamela,Baker,001-998-642-5079x669,1959-07-19,141 Massey Dale,Las Vegas,NV,USA,34237,POL-000387,auto,2023-10-22,2024-10-21,2034.93,116561.42,2023-10-22,816,active,True,medium,medium,0.15359509482785905,9,6258.94,0
7ce711c9-97e2-41a4-b0fd-eca828d4b8e7,user0388@example.com,Darlene,Walker,623.986.1595x2859,2006-08-09,637 Brittany Burgs Suite 577,Las Vegas,NV,USA,75838,POL-000388,health,2022-12-31,2023-12-31,15055.38,702331.38,2022-12-31,1111,active,True,low,low,0.06483894953437318,7,17382.21,0
27333e07-8c2c-4773-937c-e7fe2075673f,user0389@example.com,Lori,Davidson,767.560.7410,1985-02-21,0439 Theresa Junctions,Stockton,CA,USA,57340,POL-000389,auto,2023-05-20,2025-05-19,2741.15,196922.53,2023-05-20,971,active,True,low,low,0.07909747817754986,7,13967.6,1
c2ce2595-6a20-4d1e-87a9-86438fcca809,user0390@example.com,Nancy,Schmidt,001-286-996-6096x35476,1968-12-25,10184 Pedro Shore,Fort Worth,TX,USA,18428,POL-000390,auto,2024-09-30,2025-09-30,5357.17,274118.21,2024-09-30,472,active,True,low,low,0.06384104584524658,7,7079.29,0
fefb93fb-e0b6-49ca-bc4e-e06930b9c3a6,user0391@example.com,Mary,Mitchell,780-524-5940,1968-09-10,52437 Gallagher Ramp Suite 076,Baltimore,MD,USA,89866,POL-000391,health,2022-12-08,2023-12-08,10250.7,278041.99,2022-12-08,1134,active,True,high,high,0.28056640512865955,18,59545.3,10
76ea3a53-b232-4901-ad24-3480dfb8967e,user0392@example.com,Kiara,Morris,474.785.2512,2004-06-15,7901 Trujillo Trail Apt. 279,Chandler,AZ,USA,99003,POL-000392,health,2025-09-01,2026-09-01,18990.12,579417.11,2025-09-01,136,active,True,medium,medium,0.19626560643474045,12,53360.32,3
cea6be34-fc60-453f-886a-6accb17c3c02,user0393@example.com,Gregory,Hill,+1-265-523-9674x99902,1988-08-05,0700 Malone Junctions Apt. 242,San Francisco,CA,USA,54876,POL-000393,home,2024-03-17,2026-03-17,4636.14,778432.48,2024-03-17,669,active,True,low,low,0.021352953291805185,7,27172.940000000002,0
252f6923-d601-4554-9ca4-a08e2f5f7443,user0394@example.com,Luis,Small,785.413.9763,1985-09-16,42620 Brown Knoll Apt. 063,Chandler,AZ,USA,27304,POL-000394,life,2023-11-10,2024-11-09,22286.11,1470390.03,2023-11-10,797,active,True,low,low,0.05135436921570857,3,2191.33,0
47a3640c-4fcc-497f-af18-8eb4d2691d21,user0395@example.com,Rickey,Jones,+1-578-573-7282x659,1990-02-23,1917 Linda Valley,Fort Worth,TX,USA,50910,POL-000395,auto,2022-05-10,2023-05-10,2678.29,111983.11,2022-05-10,1346,active,True,high,high,0.3898200873097425,23,83591.3,8
ea0a96c0-e505-4063-921d-accaca3aa7c0,user0396@example.com,John,Duke,001-230-485-4418x4366,1989-04-21,37880 Gabrielle Cliff,Henderson,NV,USA,04618,POL-000396,auto,2021-04-12,2022-04-12,2404.65,178468.96,2021-04-12,1739,active,True,medium,medium,0.13449744348908937,9,12862.64,1
233dca3d-9a85-4114-ab4e-d50492a5a91c,user0397@example.com,Sarah,Washington,001-767-677-7365x7645,1969-03-24,48195 Harris Trail,Houston,TX,USA,97373,POL-000397,home,2023-12-09,2025-12-08,5233.91,763146.94,2023-12-09,768,active,True,low,low,0.07867960542429407,7,7642.63,1
1baf1bbe-3a01-4ad5-9665-839063e8bbfc,user0398@example.com,Daniel,Williams,(593)595-5330x8923,1987-11-25,51485 Francis Burgs,Laredo,TX,USA,61385,POL-000398,auto,2024-08-24,2026-08-24,2111.82,129026.22,2024-08-24,509,active,True,low,low,0.03855945346149338,10,20501.97,0
7027529b-231a-4f2f-a772-aaeb7237aecd,user0399@example.com,Nicholas,Smith,(660)667-4151,1997-04-22,2164 Jessica Glens Apt. 797,Miami,FL,USA,33170,POL-000399,auto,2021-02-24,2023-02-24,2334.76,233331.98,2021-02-24,1786,active,True,high,high,0.3394274004103566,18,58728.39,7
b8061064-4d19-4da0-a4c0-b1bd049348e9,user0400@example.com,Brandy,Brown,001-757-525-2023,1976-05-14,58284 Brittany Views,Phoenix,AZ,USA,94653,POL-000400,auto,2021-04-23,2023-04-23,4405.11,212919.95,2021-04-23,1728,active,True,low,low,0.06128183113711888,11,11863.14,1
e0262bbf-a4b1-46c0-b736-cf920e3c3c3e,user0401@example.com,Susan,Greer,(616)859-9194x564,1964-08-15,39004 Tanya Extension Suite 286,Anchorage,AK,USA,65449,POL-000401,life,2023-12-26,2025-12-25,21991.17,1854269.07,2023-12-26,751,active,True,low,low,0.07077163196926241,10,5798.13,1
f79bcd23-bf39-4713-831f-3b3a19c0c011,user0402@example.com,Mark,Snyder,3186977950,1971-10-31,936 Thomas Row,Dallas,TX,USA,45552,POL-000402,auto,2023-09-24,2024-09-23,2828.42,156601.51,2023-09-24,844,active,True,low,low,0.021350259645721188,10,18536.34,1
08f5652e-cadb-4108-a69f-4a501839006b,user0403@example.com,Julia,Solomon,001-200-541-7707x346,1956-03-06,40799 Laurie Summit,St. Louis,MO,USA,12009,POL-000403,health,2025-07-22,2026-07-22,25650.73,671641.29,2025-07-22,177,active,True,medium,medium,0.1214425607860184,17,109174.57,2
72cdfb08-17da-4c5a-be12-7079b30892b6,user0404@example.com,Joseph,Olson,(875)942-8328,1989-11-25,50668 Michael Summit Suite 155,Denver,CO,USA,55011,POL-000404,home,2022-12-18,2024-12-17,2508.97,394337.33,2022-12-18,1124,active,True,medium,medium,0.1910050457452953,8,4707.87,2
169c7197-a97a-4596-8431-3df570983df7,user0405@example.com,Christopher,Fisher,+1-694-809-3636,1987-02-11,551 Wilson Cliffs Apt. 395,San Antonio,TX,USA,54938,POL-000405,home,2024-06-03,2026-06-03,7884.46,604515.27,2024-06-03,591,active,True,high,high,0.34887333169002016,25,84085.48999999999,7
733924fe-dc92-4cfa-9e04-1e1e668f0aa1,user0406@example.com,Jacob,Green,(418)825-6961x921,2002-06-11,486 Tran Pine Suite 989,Charlotte,NC,USA,54024,POL-000406,health,2025-12-16,2026-12-16,12112.34,436285.27,2025-12-16,30,active,True,low,low,0.025741406963480068,6,11659.82,0
34e3a39f-43c8-4342-aafe-2b4e83f8f52d,user0407@example.com,Christopher,Coleman,405.427.0436,1994-03-25,4230 Dennis Haven,Charlotte,NC,USA,53633,POL-000407,home,2024-09-25,2026-09-25,4056.42,447916.69,2024-09-25,477,active,True,low,low,0.06077311019436103,3,4455.0,0
d9b9b40f-04eb-4962-bd26-e86148100034,user0408@example.com,Jennifer,Smith,763.719.1986x3708,1963-02-28,62230 Lopez Mall Suite 357,Chandler,AZ,USA,60109,POL-000408,health,2023-12-20,2024-12-19,19791.13,845391.48,2023-12-20,757,active,True,low,low,0.07384514300469042,13,60549.420000000006,0
c08a29dd-84ca-4b87-b418-e4714d594750,user0409@example.com,Christine,Roberts,001-598-441-0400x32730,1967-12-08,746 Kaitlin Islands,Austin,TX,USA,17189,POL-000409,home,2022-11-27,2023-11-27,7453.07,525220.01,2022-11-27,1145,active,True,high,high,0.3849864315032008,19,28455.66,6
a3677eb0-47fe-48ae-9382-55c9b9d43cc8,user0410@example.com,Jermaine,Peterson,(811)488-2038x06958,1988-05-24,11128 Steven Underpass Apt. 366,Chicago,IL,USA,50955,POL-000410,auto,2024-06-15,2026-06-15,2101.7,146941.08,2024-06-15,579,active,True,low,low,0.036114776259978,3,4248.68,1
fca42fa7-b71e-43bf-bfff-46cdc2660e8a,user0411@example.com,Philip,Cortez,+1-647-728-1326x598,1950-08-18,790 Elizabeth Rapid,Detroit,MI,USA,36949,POL-000411,health,2023-01-02,2025-01-01,6871.45,255538.05,2023-01-02,1109,active,True,low,low,0.023692582048090213,11,262946.05,0
d8c8ac31-a6cb-4a6a-8824-a969f109aea5,user0412@example.com,Anthony,Walker,(835)931-3245x275,1998-03-16,30568 Peters Motorway Apt. 265,Portland,OR,USA,20392,POL-000412,health,2025-12-22,2027-12-22,8762.98,299374.44,2025-12-22,24,active,True,medium,medium,0.1576259238349765,12,40530.15,1
6cb86e98-4097-4e72-b269-027d7e2e8f8f,user0413@example.com,Melissa,Carter,+1-491-285-2983,2002-08-22,1497 Crawford Grove,Houston,TX,USA,75781,POL-000413,home,2022-06-16,2024-06-15,8117.12,602448.32,2022-06-16,1309,active,True,medium,medium,0.12076311632204359,18,36702.82,2
28c4d83e-90d9-468d-aea7-a1e58d8782ba,user0414@example.com,Ricardo,Miller,(676)252-8226x195,2001-08-15,484 Lopez Walk,Laredo,TX,USA,98107,POL-000414,health,2021-06-25,2022-06-25,18005.67,588557.24,2021-06-25,1665,active,True,high,high,0.30216551464066566,19,44456.23,6
c7508abb-fdb2-46ac-bc23-6bc7915e6b62,user0415@example.com,Joy,Flores,366.713.8865x5009,1984-07-05,783 Sophia Port Suite 936,Arlington,TX,USA,02501,POL-000415,home,2025-02-09,2026-02-09,8555.23,628491.89,2025-02-09,340,active,True,medium,medium,0.1323747878547889,9,11369.42,3
14d3276a-3073-4e41-9fcb-8fadd3526cc1,user0416@example.com,Beth,Mitchell,(870)266-1853,1990-12-15,072 Elizabeth Burgs Apt. 388,Lexington,KY,USA,13634,POL-000416,health,2025-08-27,2026-08-27,10657.72,324880.72,2025-08-27,141,active,True,low,low,0.07264935450388928,5,9853.759999999998,0
2fc7b665-0fcc-44d0-a438-ca1dafcb83aa,user0417@example.com,Eric,Chang,001-296-567-6372,1987-07-23,4836 Fisher Alley,Jacksonville,FL,USA,60794,POL-000417,life,2025-10-02,2027-10-02,2562.12,301574.89,2025-10-02,105,active,True,high,high,0.392556962722314,22,22406.15,9
20690e7b-b3c1-42ef-8801-9a45c95695a6,user0418@example.com,Beth,Horton,(665)874-3967x705,1997-07-10,316 Swanson Avenue,Chicago,IL,USA,77878,POL-000418,auto,2024-03-28,2025-03-28,2251.48,90275.01,2024-03-28,658,active,True,low,low,0.030799976996641214,3,17015.01,0
e1de7188-27ec-4a6d-8096-5e64eedb6218,user0419@example.com,Virginia,Nelson,(788)573-0588x68102,2006-12-08,266 Leslie Park,San Diego,CA,USA,67136,POL-000419,health,2025-10-07,2026-10-07,22059.82,819786.47,2025-10-07,100,active,True,medium,medium,0.14076885001865694,7,59264.28,0
6a6bcb8a-9f9e-4ea1-8210-20d9750226f7,user0420@example.com,Gina,Elliott,304.201.4615x97000,2006-01-28,3885 Long Trace,Sacramento,CA,USA,93443,POL-000420,auto,2025-07-05,2026-07-05,4963.51,273649.47,2025-07-05,194,active,True,low,low,0.07870666352921417,5,20129.72,1
0a5cd02c-11bb-453d-9c0d-fbb2feffb982,user0421@example.com,Kyle,Crawford,369.539.0894,1956-04-06,671 Douglas Flats Apt. 542,Atlanta,GA,USA,87047,POL-000421,life,2022-03-13,2023-03-13,19391.49,1059262.15,2022-03-13,1404,active,True,low,low,0.04148868687174833,3,10174.18,0
081f5fd9-e8da-4486-8120-37298684461f,user0422@example.com,Johnny,Mcguire,(651)211-9035,1983-07-21,941 Lawrence Mission,Stockton,CA,USA,81955,POL-000422,home,2023-09-29,2024-09-28,5301.78,532094.16,2023-09-29,839,active,True,low,low,0.038360058414990045,2,5923.42,0
5aedeeca-6c4c-4638-96f8-7df0f10b9549,user0423@example.com,Lori,Johnson,+1-732-338-8767x66062,2001-11-26,39978 Amanda Heights Suite 308,Arlington,TX,USA,13597,POL-000423,home,2024-02-28,2026-02-27,7489.96,590706.18,2024-02-28,687,active,True,low,low,0.07764368529369459,7,34290.39,1
b8311cd2-c652-45ca-b9bd-efb868def361,user0424@example.com,Rick,Martin,001-393-797-0266x38207,2004-03-05,513 Mallory Cove,San Jose,CA,USA,10682,POL-000424,home,2023-08-04,2024-08-03,6808.7,487382.34,2023-08-04,895,active,True,low,low,0.043688046107777184,5,5107.03,0
484b8652-7c75-4b7f-bebe-139be1e6f4e9,user0425@example.com,William,Brown,276.577.1928x892,1953-06-19,757 Johnson Parkway,Columbus,OH,USA,82322,POL-000425,life,2025-02-06,2027-02-06,2136.12,115576.81,2025-02-06,343,active,True,low,low,0.07586722711660104,4,4140.3,1
bb8bce9b-142d-4e4c-b187-e89b61107ae1,user0426@example.com,Jacob,Frazier,3364067787,1965-06-26,265 Christensen Mountain Apt. 364,Detroit,MI,USA,76023,POL-000426,auto,2024-10-18,2026-10-18,2215.97,213441.13,2024-10-18,454,active,True,low,low,0.023816539770590044,7,43900.67,0
6137dd3b-8030-43af-ad7f-fbe35c15be32,user0427@example.com,Thomas,Green,(414)753-7525x744,1958-02-17,990 Lisa Lakes Apt. 115,Seattle,WA,USA,96945,POL-000427,home,2025-03-30,2027-03-30,1478.54,220556.67,2025-03-30,291,active,True,low,low,0.04998234040007932,8,34211.409999999996,1
d30fdd19-e4e0-41eb-ace6-7191cfe77a17,user0428@example.com,Patricia,Cobb,+1-251-757-6467,1953-07-15,098 William Fords Apt. 934,Stockton,CA,USA,57375,POL-000428,auto,2023-03-15,2024-03-14,6897.95,276100.36,2023-03-15,1037,active,True,low,low,0.07923286728986847,7,22250.64,0
cd0b07e2-d930-4ff5-824d-f5f56217b04b,user0429@example.com,Bruce,Malone,586-603-4563x33892,1986-03-18,45705 Levi Well Suite 782,Virginia Beach,VA,USA,53248,POL-000429,health,2022-08-27,2024-08-26,15658.8,474933.01,2022-08-27,1237,active,True,low,low,0.03856594825816899,9,18755.6,0
dda3497b-563f-489e-9392-27ded2643a73,user0430@example.com,Amy,Colon,824.427.1618,1991-07-10,747 Cummings Falls Apt. 703,Miami,FL,USA,90223,POL-000430,auto,2021-12-31,2022-12-31,2520.96,247675.73,2021-12-31,1476,active,True,low,low,0.037589356535198105,7,17923.56,1
841d3843-2a3d-48f2-aa5f-4778a124e2b7,user0431@example.com,Denise,Ramirez,+1-472-468-1931,1992-01-10,23280 Lopez Garden Suite 185,New Orleans,LA,USA,36490,POL-000431,auto,2023-10-27,2025-10-26,4519.52,278377.74,2023-10-27,811,active,True,low,low,0.0475697464918646,7,9744.66,0
46bd8aa8-5e2c-4123-a08a-8aecd4680016,user0432@example.com,Joshua,Bridges,+1-825-588-3140x035,1951-08-30,267 Mark Hollow,Charlotte,NC,USA,80765,POL-000432,health,2022-09-29,2024-09-28,23892.12,683332.07,2022-09-29,1204,active,True,medium,medium,0.19247789308074084,11,46890.06,4
fb56e8fd-9e2b-491f-bbfd-a7869c65a50d,user0433@example.com,Tonya,Riley,001-786-257-1689x62132,1980-06-17,685 Carter Road,Chandler,AZ,USA,28068,POL-000433,health,2021-01-30,2022-01-30,21286.34,825373.12,2021-01-30,1811,active,True,low,low,0.05984754435700103,9,72104.86,0
45e9f0da-b292-4e1a-8c6c-e46709d569e6,user0434@example.com,Paul,Jennings,882.930.9258x72894,2004-02-23,3163 Allen Plaza,Nashville,TN,USA,38972,POL-000434,health,2022-07-12,2024-07-11,19380.89,572888.8,2022-07-12,1283,active,True,high,high,0.3825024551533156,25,120035.04000000001,6
97b6520b-5b2c-4e7a-bb72-98608574bf04,user0435@example.com,Dakota,Moore,(628)303-3649x0847,1986-09-04,43031 Jennifer Spurs Apt. 663,Jacksonville,FL,USA,49698,POL-000435,health,2022-12-22,2023-12-22,8277.3,298059.63,2022-12-22,1120,active,True,low,low,0.07194363422640762,8,45696.560000000005,1
db8a534e-b667-4118-b9e9-a7912c038ed0,user0436@example.com,Traci,Maddox,445.754.1408x57962,1954-06-11,084 Miller Light,San Diego,CA,USA,96329,POL-000436,auto,2023-03-12,2025-03-11,1982.24,138992.1,2023-03-12,1040,active,True,low,low,0.030565357276631233,5,9271.5,0
8f22c629-c4e1-46bb-b8be-8902506b7f27,user0437@example.com,Robert,Williams,+1-502-360-4690x17495,2002-10-05,44106 Sims Plains Suite 573,Plano,TX,USA,19834,POL-000437,home,2025-12-12,2027-12-12,6395.4,431515.67,2025-12-12,34,active,True,low,low,0.04346553464889323,8,8607.85,0
9189d50e-5334-49bf-85ae-2b6bd587a87e,user0438@example.com,Russell,Brown,(642)238-9354,1976-10-09,072 Johnson Gardens,Anchorage,AK,USA,87168,POL-000438,auto,2025-08-01,2027-08-01,1282.05,90080.12,2025-08-01,167,active,True,low,low,0.033995101475983516,7,7670.89,0
5606d74a-c0f3-483d-911b-d061a0ddc64a,user0439@example.com,Veronica,Fowler,001-906-367-1485x3331,1964-10-24,4129 Kelly Trace Apt. 202,Los Angeles,CA,USA,67039,POL-000439,auto,2024-04-30,2026-04-30,900.4,75959.85,2024-04-30,625,active,True,low,low,0.026061694789475513,7,7315.25,0
d6d5260e-02b4-45fd-939c-f31c95faba80,user0440@example.com,Rachel,Jones,+1-420-889-5217x6801,1985-04-05,0507 Valerie Dale,Long Beach,CA,USA,37012,POL-000440,auto,2025-10-29,2027-10-29,2275.76,93393.04,2025-10-29,78,active,True,low,low,0.07127704778911012,9,16029.910000000002,1
0c7a0091-78f0-486c-8552-1aefc43e51b3,user0441@example.com,Carol,Hall,+1-843-403-2502x749,1995-10-05,384 Williams Springs,Memphis,TN,USA,30905,POL-000441,auto,2024-10-14,2025-10-14,1780.57,172968.99,2024-10-14,458,active,True,low,low,0.060282080533807736,5,9072.75,1
90ec7594-45a1-43d0-9a40-c88751375b11,user0442@example.com,Phillip,Scott,+1-899-642-8580x330,1997-08-30,632 Zachary Valleys Apt. 504,Corpus Christi,TX,USA,88459,POL-000442,auto,2023-06-12,2024-06-11,5492.33,251027.31,2023-06-12,948,active,True,high,high,0.26907717838253303,14,33409.73,3
4d2d3c26-73a7-4baf-92d9-1ea5d513a948,user0443@example.com,Tyler,Rodriguez,001-405-318-2377,1953-06-25,4447 Ashley Square,Lincoln,NE,USA,09901,POL-000443,auto,2023-08-05,2025-08-04,2124.39,115811.54,2023-08-05,894,active,True,low,low,0.04468465590562793,7,4206.49,2
91837818-46fd-47af-bd59-43cee25f96b9,user0444@example.com,Todd,King,001-700-934-5688x486,1993-10-15,4966 Dougherty Mills Apt. 366,Cleveland,OH,USA,96132,POL-000444,life,2023-05-25,2025-05-24,8930.63,538213.42,2023-05-25,966,active,True,low,low,0.04033819557036929,10,4396.55,0
1e2d89bd-19e3-4ea9-ada4-c83edd2d83db,user0445@example.com,Kelly,Keith,541.420.8180x3689,1970-08-30,940 Robinson Gateway,Chandler,AZ,USA,48344,POL-000445,auto,2021-04-30,2023-04-30,3971.49,214713.85,2021-04-30,1721,active,True,high,high,0.3207634464086312,15,46638.19,6
f4113314-5347-452f-aed9-d59f999648b5,user0446@example.com,Andrew,Foster,001-857-575-2668x48031,1973-04-05,5248 John Gardens,Mesa,AZ,USA,64396,POL-000446,auto,2021-08-15,2023-08-15,5086.93,217045.17,2021-08-15,1614,active,True,medium,medium,0.12462305576158914,10,37433.35,1
83248823-d82c-4a9a-b4bf-9a440a3c73d9,user0447@example.com,Joseph,Bishop,739.530.3953x95260,1960-07-11,40114 Houston Hollow Suite 547,New York,NY,USA,26938,POL-000447,home,2022-12-18,2024-12-17,2816.22,442129.17,2022-12-18,1124,active,True,medium,medium,0.16054160325742306,12,22498.92,2
862a61d1-2adc-44fc-ac63-d39d1a18137a,user0448@example.com,Destiny,Chase,3496909678,1971-03-09,9773 Davis Bypass Apt. 405,Corpus Christi,TX,USA,62123,POL-000448,health,2024-05-25,2026-05-25,9845.39,332437.92,2024-05-25,600,active,True,low,low,0.07952095816381013,10,26693.760000000002,0
ca05b3ac-c749-4b96-97f1-4d5bf192ef59,user0449@example.com,Penny,Weaver,001-591-208-0417x5694,1977-07-08,88771 Benton Ports,Las Vegas,NV,USA,77596,POL-000449,home,2022-01-24,2023-01-24,3571.23,660716.55,2022-01-24,1452,active,True,medium,medium,0.1298328946033796,13,12063.04,0
2a85e8f7-42e8-4632-b668-74ee83fbdfc3,user0450@example.com,Luke,Ford,763.941.1048,2007-11-06,1265 Benson Plaza Apt. 829,Chandler,AZ,USA,15924,POL-000450,health,2021-07-17,2022-07-17,13622.15,411639.45,2021-07-17,1643,active,True,low,low,0.062558857688209,13,71951.06,1
c3ebb165-29bd-4db9-ba0b-54081ecd8726,user0451@example.com,Tracy,Hart,+1-688-352-4991x9608,1991-09-29,855 Steven Forks Apt. 437,Stockton,CA,USA,55069,POL-000451,home,2021-11-13,2023-11-13,2366.79,405359.36,2021-11-13,1524,active,True,low,low,0.07956823869116086,6,11185.529999999999,1
77986762-3528-41a9-b01e-7c33a0212112,user0452@example.com,Alyssa,Richardson,(270)271-6944x8144,1953-06-20,75602 Kim Crossing Apt. 640,Philadelphia,PA,USA,58766,POL-000452,health,2022-01-20,2024-01-20,12266.7,371651.19,2022-01-20,1456,active,True,low,low,0.03974034377973397,3,4300.5599999999995,0
4961618c-97af-4ad9-8c24-6576c71545f5,user0453@example.com,Catherine,Moore,(982)428-8542x73449,2002-01-05,97366 Braun Mission Suite 878,Las Vegas,NV,USA,92545,POL-000453,auto,2024-11-17,2025-11-17,3176.59,152675.1,2024-11-17,424,active,True,low,low,0.05069217165408751,5,13355.390000000001,0
09e179cd-b69b-4aa5-9380-a37ada3fac92,user0454@example.com,Elizabeth,Acosta,+1-371-705-3925x90677,1961-05-08,17430 Brown Estate Suite 600,Fort Worth,TX,USA,38972,POL-000454,auto,2025-12-05,2027-12-05,5428.12,249568.25,2025-12-05,41,active,True,low,low,0.04113814126260559,9,30681.75,0
b44a10d6-06b5-43c7-99a0-e226ce079794,user0455@example.com,Rachel,Ortiz,(377)952-7071x2797,1974-12-23,64272 Grace Fords Apt. 767,Cleveland,OH,USA,52620,POL-000455,auto,2021-08-22,2023-08-22,840.41,70666.76,2021-08-22,1607,active,True,low,low,0.03112470906963045,12,24109.65,0
c2223d66-6cc6-4a10-879d-2b816423224d,user0456@example.com,Michelle,Charles,602.854.3163x915,1965-11-09,56046 Zhang Passage Apt. 036,Indianapolis,IN,USA,81812,POL-000456,health,2021-09-18,2022-09-18,4734.45,155168.92,2021-09-18,1580,active,True,high,high,0.3244967818584257,25,98613.31999999999,7
eb73c5ee-cb32-4eb4-bdda-f1e3f3f44ceb,user0457@example.com,Heather,Rodriguez,001-350-426-1340x973,1959-01-05,667 Sullivan Islands,Corpus Christi,TX,USA,38051,POL-000457,home,2021-02-22,2022-02-22,7330.54,796735.48,2021-02-22,1788,active,True,high,high,0.34119365540254143,15,17470.95,8
56bdf528-7bff-42f4-b758-01f23cf6fc30,user0458@example.com,Mark,Fitzgerald,(542)416-9435,2004-11-06,78058 John Path Apt. 573,Austin,TX,USA,24984,POL-000458,auto,2024-04-25,2026-04-25,5633.16,258891.2,2024-04-25,630,active,True,low,low,0.0694507999775215,5,9488.31,0
5197d55e-afba-44e5-8090-0cb4d7a684d3,user0459@example.com,Nicholas,Drake,+1-386-745-5526,1956-12-12,55705 Cindy Landing Apt. 868,Fort Worth,TX,USA,65081,POL-000459,auto,2021-08-13,2023-08-13,3321.79,163010.94,2021-08-13,1616,active,True,medium,medium,0.1709913998348108,8,19097.12,1
94fd7edb-d137-4bb6-a8e0-cf55d9080b20,user0460@example.com,Joseph,Davis,001-835-599-8962x58692,1968-03-25,62551 Miller Union,Cleveland,OH,USA,77489,POL-000460,auto,2025-06-26,2026-06-26,3286.11,281162.78,2025-06-26,203,active,True,medium,medium,0.12759073841180596,7,15433.75,0
09c1da25-3b38-417a-bb3a-11c09f1fa1fe,user0461@example.com,Sean,Crane,393-478-4953,1976-05-22,4580 Claudia Park,Charlotte,NC,USA,55958,POL-000461,auto,2025-05-26,2027-05-26,3266.83,196280.42,2025-05-26,234,active,True,low,low,0.022050535342465247,9,16840.97,0
2b855025-d88d-4b41-9845-3f75627912e7,user0462@example.com,Daniel,Hurley,(616)946-1526x53222,1952-04-22,14812 Jones Point,Houston,TX,USA,70656,POL-000462,auto,2024-06-22,2026-06-22,1071.87,65228.06,2024-06-22,572,active,True,low,low,0.04395956878349062,8,16494.329999999998,0
5bd0b44d-e842-48e6-9fe7-ec5217527ffb,user0463@example.com,Kim,Peters,+1-243-274-8126x81793,1980-04-08,8899 Mark Shoal,New Orleans,LA,USA,67068,POL-000463,life,2022-05-26,2024-05-25,5342.63,1038309.33,2022-05-26,1330,active,True,medium,medium,0.1312035849707383,18,9803.51,2
5db5ccc8-495e-4f95-9971-a755dbddb5be,user0464@example.com,David,Smith,840.550.8105,1969-10-31,902 Kimberly Cliff Apt. 669,Houston,TX,USA,40276,POL-000464,auto,2021-03-31,2023-03-31,4423.72,285839.32,2021-03-31,1751,active,True,low,low,0.07475505307548938,10,14668.4,1
083627fe-3f94-47a0-9a3d-e25466aa860f,user0465@example.com,Pamela,Yu,324-467-6428,1990-12-19,836 Brett Viaduct Suite 988,Mesa,AZ,USA,35033,POL-000465,home,2023-02-16,2025-02-15,8586.14,723119.75,2023-02-16,1064,active,True,low,low,0.026694938787994484,10,23312.32,0
49c89ee0-604e-43eb-989e-b2b573ad748a,user0466@example.com,Hannah,Morris,326-609-2033,1993-04-02,5716 Gomez Vista Apt. 304,Milwaukee,WI,USA,75828,POL-000466,auto,2023-12-17,2024-12-16,1257.46,56962.44,2023-12-17,760,active,True,low,low,0.021171354241879648,5,3908.1800000000003,0
0df7afd4-0a23-4d96-820f-051ece27211c,user0467@example.com,Melissa,Turner,596.441.6450x86295,1994-08-19,72487 Scott Ferry,Milwaukee,WI,USA,54662,POL-000467,health,2024-02-26,2025-02-25,15689.84,499405.22,2024-02-26,689,active,True,low,low,0.0516242563108075,10,60292.39,0
5f2f7eea-95c4-4db4-983c-067ce7fa0434,user0468@example.com,Jeff,Delacruz,(557)545-8618x058,1968-02-25,354 Pittman Spring,Philadelphia,PA,USA,84264,POL-000468,health,2021-07-13,2022-07-13,7708.61,241750.49,2021-07-13,1647,active,True,medium,medium,0.16748884355571314,13,44356.58,2
d5873679-8fcf-44e6-a9da-d3a79fd44ce1,user0469@example.com,Alyssa,Cunningham,819.420.6965x69325,2005-03-31,223 Ryan Corner Apt. 753,Mesa,AZ,USA,33834,POL-000469,life,2023-05-29,2025-05-28,7133.36,848066.42,2023-05-29,962,active,True,low,low,0.030279472667262497,8,5007.5199999999995,1
a372782f-0ad8-4c70-930f-63af7144b899,user0470@example.com,Jamie,Stevenson,001-955-378-0228x017,1989-05-11,2945 Dennis Lights,Arlington,TX,USA,87079,POL-000470,health,2021-08-26,2022-08-26,5282.5,156603.36,2021-08-26,1603,active,True,low,low,0.04198741524519148,12,52657.74,0
67907ea3-c3bf-448f-b0ef-aa30866c5df7,user0471@example.com,Justin,Gibson,001-853-841-4391x03231,2006-01-31,6747 Brewer Dale,Anchorage,AK,USA,98956,POL-000471,auto,2024-10-29,2026-10-29,2848.65,128596.26,2024-10-29,443,active,True,high,high,0.2899237579076765,18,67809.07,4
a62af361-a478-4b3d-ad5d-44046a699734,user0472@example.com,Sara,Miller,4408838437,1951-01-28,877 Floyd Terrace,Portland,OR,USA,45824,POL-000472,life,2021-04-18,2023-04-18,10620.38,1158073.12,2021-04-18,1733,active,True,medium,medium,0.15188527692800433,8,23418.940000000002,3
9bd2d8e0-96a0-43b4-a8e0-0c419331d559,user0473@example.com,Jacob,Fitzpatrick,922-953-9392x2425,1976-03-13,7457 Williams Coves,Cincinnati,OH,USA,86794,POL-000473,health,2024-04-04,2026-04-04,18224.43,887608.89,2024-04-04,651,active,True,medium,medium,0.16495850733011036,10,89305.3,2
5acce9d8-0a8a-4201-87bb-62559cf1d08d,user0474@example.com,Alicia,Cooper,514-584-6036,1983-10-27,878 Thompson Tunnel Apt. 475,Nashville,TN,USA,90686,POL-000474,auto,2025-01-22,2026-01-22,3014.36,179875.46,2025-01-22,358,active,True,high,high,0.25174673492546445,19,35581.67,5
6c607896-1cb1-4cd0-826a-0ba6cc000438,user0475@example.com,Nicole,Ingram,558.494.7706,1980-07-23,02546 Melissa Station,St. Louis,MO,USA,87685,POL-000475,home,2024-03-01,2026-03-01,6875.51,641767.94,2024-03-01,685,active,True,medium,medium,0.12534002038806055,7,111603.40000000001,2
15a86791-673b-4158-a4be-1518c4f7f8b8,user0476@example.com,Thomas,Clements,(777)681-8986x36139,1995-04-18,211 Goodman Extensions Apt. 501,Long Beach,CA,USA,81604,POL-000476,auto,2024-07-22,2026-07-22,1149.62,69911.28,2024-07-22,542,active,True,low,low,0.053259355885019316,10,14559.36,2
e957f597-3878-4ac4-97d4-f7d70b76c315,user0477@example.com,Jason,Freeman,(326)938-9654x99779,1982-03-02,00810 Connor Glens,San Francisco,CA,USA,23819,POL-000477,home,2022-06-10,2024-06-09,5015.61,399691.02,2022-06-10,1315,active,True,medium,medium,0.17189560340264284,17,28939.59,0
41190df1-fdd3-43f8-b381-c44d6cecfe5c,user0478@example.com,Ricky,Butler,7623515759,1964-09-25,671 Elizabeth Branch,Cincinnati,OH,USA,00706,POL-000478,auto,2023-07-24,2024-07-23,3505.48,224126.8,2023-07-24,906,active,True,low,low,0.07655658260951934,7,8833.77,0
5fbd7a13-3c4f-4cbd-9be3-4ca3a97f6719,user0479@example.com,Crystal,Gomez,001-472-642-2749x665,1997-05-16,51719 Moore Isle,San Francisco,CA,USA,08882,POL-000479,auto,2024-08-08,2025-08-08,1524.62,100929.35,2024-08-08,525,active,True,low,low,0.04859407661480111,8,18144.7,0
0983d5c0-b3a6-48e8-b622-e1cff6183e55,user0480@example.com,Jay,Kent,935.936.7577,1962-05-17,5875 Jamie Cliff,Kansas City,MO,USA,01690,POL-000480,auto,2021-12-08,2023-12-08,3420.92,294428.2,2021-12-08,1499,active,True,low,low,0.07591664837926232,9,15838.480000000001,1
6aab7073-a5cb-4dbb-95d8-76edebd0e9a9,user0481@example.com,Deborah,Kim,840-377-1280,2004-07-30,4666 Wall Groves,St. Louis,MO,USA,62703,POL-000481,health,2022-07-14,2023-07-14,16054.0,492443.47,2022-07-14,1281,active,True,low,low,0.04043455624526712,8,43090.54,1
48e9efb9-df13-4768-b1fc-0abdb55b3ca4,user0482@example.com,Megan,Rangel,571-224-3566,1962-09-07,69525 Patel Stream Suite 735,Seattle,WA,USA,96091,POL-000482,home,2021-10-17,2022-10-17,4308.71,547721.82,2021-10-17,1551,active,True,low,low,0.042017469909019715,6,26206.64,1
142222c7-c23b-4a65-a1aa-bd6075993bc9,user0483@example.com,Tara,Malone,001-407-828-3947x6461,1955-02-25,631 Thompson Mill,Sacramento,CA,USA,44245,POL-000483,auto,2021-02-02,2022-02-02,4670.99,242620.36,2021-02-02,1808,active,True,high,high,0.3397955768244792,20,65023.43,7
4564352d-33f3-4c2e-bfe6-06de60d9ee47,user0484@example.com,Kenneth,Walker,001-809-451-9566x30063,1991-04-11,51640 Dixon Ways,Minneapolis,MN,USA,97620,POL-000484,health,2023-01-04,2024-01-04,6182.31,201572.35,2023-01-04,1107,active,True,medium,medium,0.12810121447899278,12,87782.19,2
cdb9046a-1edb-41ac-8c58-3332ed8e6203,user0485@example.com,Lisa,Bradford,5488113537,1971-03-15,2959 Alexander Mountains,Henderson,NV,USA,91854,POL-000485,health,2025-11-11,2027-11-11,9704.41,431277.07,2025-11-11,65,active,True,low,low,0.02248995826314269,6,25229.989999999998,0
737c3d93-bb50-48e5-9565-bf2fbf1322b8,user0486@example.com,Michael,Black,001-307-712-9969,1967-01-01,0029 Jay Square,Laredo,TX,USA,14246,POL-000486,home,2021-05-05,2022-05-05,2174.26,213043.3,2021-05-05,1716,active,True,low,low,0.043506304520720185,6,2186.6,0
eff596f4-1800-4ca2-ac40-dccdd1aa7fca,user0487@example.com,David,Hicks,674.360.2136,1970-11-26,29184 Isabella Rue Suite 195,Austin,TX,USA,54722,POL-000487,home,2022-02-05,2024-02-05,5047.32,790786.62,2022-02-05,1440,active,True,medium,medium,0.15437896071438229,17,48014.97,2
9ffc2d83-99b1-4686-9ea7-965128905535,user0488@example.com,Thomas,Estrada,(958)292-2355x285,2000-06-23,02282 Laura Knolls Apt. 878,Detroit,MI,USA,80778,POL-000488,health,2024-10-19,2026-10-19,16413.92,540845.25,2024-10-19,453,active,True,low,low,0.045941359528805875,5,34593.84,0
5250fa50-5015-462f-a7d5-5aa68ddf3aeb,user0489@example.com,Nicholas,English,(696)747-2684x746,1968-08-27,283 Katherine Crossing Suite 088,Charlotte,NC,USA,06938,POL-000489,auto,2023-07-12,2024-07-11,1760.23,77898.48,2023-07-12,918,active,True,high,high,0.3995755377138587,21,40441.74,8
20993af6-1159-45c1-a6c3-f1153a8cf114,user0490@example.com,Timothy,Powell,850-958-1058x0108,1984-07-09,7619 Sean Valleys Suite 636,Charlotte,NC,USA,83600,POL-000490,life,2025-09-16,2026-09-16,13690.95,1451146.08,2025-09-16,121,active,True,low,low,0.05486278947703491,7,4635.11,1
f9cbf5f9-e00d-457f-98c3-5b4d1495a034,user0491@example.com,Kathryn,Allen,534.977.4963,1983-07-07,62819 Michael Falls,Laredo,TX,USA,29150,POL-000491,health,2022-07-07,2023-07-07,17983.58,763296.68,2022-07-07,1288,active,True,medium,medium,0.18597449913823494,9,36819.11,1
a70fc0a4-f712-4aa1-9e15-838b556590b1,user0492@example.com,Jamie,Mercado,634.950.5219x4050,1957-08-11,97962 Joseph Radial Suite 736,Plano,TX,USA,50000,POL-000492,auto,2023-06-18,2025-06-17,3700.09,264415.1,2023-06-18,942,active,True,high,high,0.3271790404873361,14,35135.71,2
fd96fdb7-a42f-4e40-8b66-d86a5e9ffda3,user0493@example.com,Amanda,Figueroa,991-798-1747x36653,1980-06-05,955 Wilson Creek Suite 449,Tucson,AZ,USA,51658,POL-000493,health,2021-02-12,2022-02-12,22745.37,746602.55,2021-02-12,1798,active,True,medium,medium,0.12360927028811676,14,51023.63,3
e2890e02-b12c-4a48-a231-4a5648174ce8,user0494@example.com,Ryan,Richard,525-674-7774x37212,1979-12-03,6191 Rivera Park Apt. 229,Las Vegas,NV,USA,05808,POL-000494,health,2021-05-11,2022-05-11,28495.65,815212.52,2021-05-11,1710,active,True,medium,medium,0.15528929312786668,13,55482.43,0
997ea4fc-6454-40ff-a5ae-8f00b9e6e444,user0495@example.com,Anthony,Brown,001-705-745-1736,1966-07-14,919 Joshua Ferry Suite 627,Austin,TX,USA,14020,POL-000495,health,2024-03-26,2025-03-26,17124.65,822213.83,2024-03-26,660,active,True,medium,medium,0.15031096722660842,9,62095.53,1
ffbf349b-5f44-4bfa-9b18-ab062f7fa4a8,user0496@example.com,Jacob,Young,9657335359,2004-02-19,628 Jessica Crest,Portland,OR,USA,78411,POL-000496,health,2025-12-09,2027-12-09,21038.65,561897.98,2025-12-09,37,active,True,low,low,0.03733622099945496,9,21654.2,0
0716b13a-ba3a-4cd6-8c02-d9b60415434b,user0497@example.com,Aaron,Henry,957.988.2737x6309,1962-10-08,6609 Sandoval Parks,Philadelphia,PA,USA,66462,POL-000497,home,2023-01-20,2025-01-19,5565.78,675201.88,2023-01-20,1091,active,True,low,low,0.06296987229065668,7,16305.140000000001,0
3ff46185-38ca-4ca7-b503-98513af40e0b,user0498@example.com,Sarah,Cherry,001-204-945-0729x62901,1985-07-17,265 Shane Estate,Lincoln,NE,USA,45803,POL-000498,auto,2025-02-01,2027-02-01,3372.39,252807.64,2025-02-01,348,active,True,low,low,0.06304421332431262,8,34221.6,0
c4973519-79a0-47bb-a8a7-8c54159405fb,user0499@example.com,John,Cook,915-467-1177x5398,1966-02-28,198 Lambert Parkways Suite 075,Arlington,TX,USA,93803,POL-000499,home,2022-06-26,2023-06-26,3936.36,476620.14,2022-06-26,1299,active,True,low,low,0.04853930185549503,3,1417.5,0
066db9d5-82fd-4869-825c-400accef8e4d,user0500@example.com,James,Pierce,5537659726,1951-12-20,051 Melissa Lodge Suite 721,Virginia Beach,VA,USA,17342,POL-000500,home,2022-08-12,2023-08-12,3145.18,350348.95,2022-08-12,1252,active,True,medium,medium,0.15424908557977934,11,19871.09,1
1dfb9fa6-dcfd-48f5-9896-5743fe6e4a71,user0501@example.com,Lonnie,Kelley,+1-470-327-8537,1966-10-15,1371 Allen Ways,Lincoln,NE,USA,56351,POL-000501,health,2023-09-17,2025-09-16,23688.04,747260.22,2023-09-17,851,active,True,high,high,0.35338924531989324,16,132693.5,2
61864cd9-1c05-4476-a55b-a8503c213c7b,user0502@example.com,Ashley,Poole,958.430.6848x36816,1961-07-30,5606 Castillo Keys Suite 735,Memphis,TN,USA,38591,POL-000502,home,2024-06-24,2025-06-24,7237.8,613764.81,2024-06-24,570,active,True,low,low,0.03513673757461019,8,11846.09,0
1d1f7784-9bd7-452b-ad7c-b4628d9fef27,user0503@example.com,Aaron,Harding,001-377-225-0402x58988,1986-06-22,8723 Washington Highway Suite 720,San Jose,CA,USA,69496,POL-000503,home,2021-07-16,2023-07-16,5812.62,675978.85,2021-07-16,1644,active,True,medium,medium,0.1951008101731007,10,15642.69,0
bf9739e2-64e1-4b72-a90b-f1daa80c8a4a,user0504@example.com,Keith,Wilson,315-807-4931x6608,1994-07-01,55661 Deborah Brook,New Orleans,LA,USA,92858,POL-000504,auto,2021-02-21,2022-02-21,1804.51,92567.28,2021-02-21,1789,active,True,low,low,0.04519222230693627,5,7186.349999999999,1
f5d6eac0-e5aa-4e85-b8ff-8216b4e5a870,user0505@example.com,Elizabeth,Kelly,4044584089,1986-05-11,9906 Lawson Inlet,Tucson,AZ,USA,82265,POL-000505,home,2022-06-01,2024-05-31,5245.85,526081.92,2022-06-01,1324,active,True,low,low,0.028087147095046283,9,11335.79,0
45fe3a45-0469-469a-9f86-7384b9f0b7c5,user0506@example.com,Samuel,Bailey,001-480-636-3836x472,1971-01-30,0833 Brown Track,Kansas City,MO,USA,39401,POL-000506,auto,2022-03-31,2024-03-30,5401.09,283161.43,2022-03-31,1386,active,True,low,low,0.05956940348747505,6,4637.34,0
26cb4412-6230-41e2-8efd-728389b641a9,user0507@example.com,Elizabeth,Green,+1-296-663-9000x4539,1990-09-22,2514 Grace Lane Apt. 709,Baltimore,MD,USA,76463,POL-000507,home,2025-05-23,2027-05-23,5745.56,661501.92,2025-05-23,237,active,True,high,high,0.39400178212286885,19,44058.83,6
a36bc103-3207-4955-8db8-522c599d5574,user0508@example.com,Seth,Jones,5982166881,1963-05-15,9128 Michael Courts Suite 454,Phoenix,AZ,USA,54090,POL-000508,auto,2023-07-19,2025-07-18,1681.86,117740.8,2023-07-19,911,active,True,high,high,0.2906363834870307,18,37645.4,8
7bf279e7-79c9-4c6b-9aa8-bbc841e7f87e,user0509@example.com,Eric,Gonzales,925-836-1276,1960-01-11,579 Freeman Lakes,Anchorage,AK,USA,05367,POL-000509,auto,2022-12-18,2024-12-17,1540.0,118478.72,2022-12-18,1124,active,True,low,low,0.0339115768329709,6,7274.38,1
f7f546a0-f6fa-4e2d-82af-5ae26565314f,user0510@example.com,Crystal,Holland,+1-671-473-3157x160,1972-03-26,4716 Johnson Greens,Indianapolis,IN,USA,34906,POL-000510,auto,2023-10-25,2025-10-24,2535.9,157330.69,2023-10-25,813,active,True,low,low,0.02683671616667261,12,15408.050000000001,0
752a8e44-dd7d-475e-adbd-eab28d2c0004,user0511@example.com,Mitchell,Jordan,558-929-6945x4191,1982-05-21,876 Andrew Field Apt. 739,Nashville,TN,USA,51904,POL-000511,health,2024-11-12,2026-11-12,15113.28,755623.85,2024-11-12,429,active,True,medium,medium,0.19631366430773778,9,48165.130000000005,0
e3bb3c65-f08d-497f-b439-ae586c36d8f8,user0512@example.com,Jill,Edwards,(676)607-4146,1950-03-28,1353 Moore Knoll,Minneapolis,MN,USA,45260,POL-000512,auto,2025-09-09,2027-09-09,6277.84,283464.7,2025-09-09,128,active,True,high,high,0.3755828714438048,25,68511.35,10
436ac6b2-f1a2-4a98-9dbe-1d5fbafcb08f,user0513@example.com,Angela,Thomas,(421)738-4155x10954,1994-11-09,0568 William Harbor Apt. 072,San Antonio,TX,USA,62211,POL-000513,life,2022-12-18,2024-12-17,18835.9,1389239.95,2022-12-18,1124,active,True,medium,medium,0.19565037421991976,9,3593.61,3
eb2e4fd3-2daa-4dfa-a3d9-339d579bbd86,user0514@example.com,Peter,Harris,8299378132,1959-03-23,26277 Gonzales Mews,Miami,FL,USA,81032,POL-000514,home,2021-05-25,2022-05-25,4376.56,759707.73,2021-05-25,1696,active,True,low,low,0.05006718204952089,6,5520.77,0
79c6e004-f955-45ec-9b66-aa3f2fd56c6e,user0515@example.com,William,Romero,494-668-7749,1965-08-11,36757 Vanessa Village,Anchorage,AK,USA,95880,POL-000515,auto,2022-09-19,2024-09-18,4140.97,188716.73,2022-09-19,1214,active,True,low,low,0.020226061673031984,8,10911.130000000001,1
1c9549be-dc7b-4094-9f62-82576f1e7eda,user0516@example.com,Richard,Wagner,001-590-353-6678x320,1973-01-20,77905 Kevin Fords,Arlington,TX,USA,73190,POL-000516,auto,2024-10-14,2026-10-14,2231.85,162855.75,2024-10-14,458,active,True,low,low,0.06739314427711057,13,39808.52,2
b3bc97aa-b345-4423-b220-5a42b655723b,user0517@example.com,Jeffrey,Gonzalez,+1-851-480-1664x8023,1981-03-24,388 Friedman Cliffs,Plano,TX,USA,14964,POL-000517,auto,2024-06-09,2026-06-09,2744.51,122846.1,2024-06-09,585,active,True,low,low,0.04708446022601414,9,20057.52,1
3d1c1757-107b-4e57-ab48-f9303b3ae4d2,user0518@example.com,Kimberly,Barnett,397.781.5734,1983-09-01,66086 Joe Light,Denver,CO,USA,46797,POL-000518,home,2022-10-21,2024-10-20,2193.85,353653.06,2022-10-21,1182,active,True,low,low,0.025912236030064442,5,4432.950000000001,0
5e500da3-d4c6-497e-932a-1a5a346ceb01,user0519@example.com,Randy,Sampson,(322)547-8922x51826,1969-08-09,10840 Marcus Neck Suite 062,Albuquerque,NM,USA,93443,POL-000519,auto,2021-05-02,2023-05-02,3070.09,249379.35,2021-05-02,1719,active,True,low,low,0.05750876550400123,8,9814.88,1
150b96f9-344a-4903-98a9-4b384b7a11cc,user0520@example.com,Alexandra,Johnson,+1-875-326-8665x083,1994-04-13,40737 Brian Spur,Memphis,TN,USA,59926,POL-000520,home,2024-02-11,2025-02-10,2801.25,208885.32,2024-02-11,704,active,True,low,low,0.05080987768051143,11,24289.18,1
8fdad5e7-98e1-4ea6-90aa-5f0881d6c891,user0521@example.com,Juan,Gonzalez,8394092005,1973-02-10,0247 Palmer Islands,Minneapolis,MN,USA,86127,POL-000521,home,2021-06-14,2023-06-14,2408.19,313321.63,2021-06-14,1676,active,True,low,low,0.05206313385411579,8,10291.39,0
5c68e346-6f4b-4808-8d2a-87117d26883f,user0522@example.com,Alexandra,Ferguson,592.413.2738x15229,1957-11-17,254 Daniel Ramp Apt. 847,Detroit,MI,USA,48712,POL-000522,health,2023-04-13,2025-04-12,21626.21,889015.79,2023-04-13,1008,active,True,low,low,0.0684315182241296,9,146486.55,1
a2a49d78-c9ee-4009-a6e6-7fb564725ea7,user0523@example.com,Danielle,Wagner,(845)594-7800x7924,1973-03-24,5550 Decker Junction,Chicago,IL,USA,71824,POL-000523,life,2022-06-30,2024-06-29,5283.41,598887.51,2022-06-30,1295,active,True,low,low,0.06633554987919187,6,2600.3900000000003,0
6e01742e-2271-45ae-9afa-fc5aa288dc0d,user0524@example.com,Trevor,Williams,001-577-709-9031x7211,2007-07-16,3331 Nunez Prairie,Columbus,OH,USA,55619,POL-000524,health,2022-04-04,2024-04-03,3637.2,140276.29,2022-04-04,1382,active,True,medium,medium,0.14241072950203038,12,89918.15,2
af324ac7-b624-4a35-abc6-50e373af0fa7,user0525@example.com,Darrell,Miller,(201)593-3520x6226,1954-07-09,426 Massey Forks Apt. 161,New Orleans,LA,USA,38883,POL-000525,home,2022-05-12,2024-05-11,5270.94,598222.69,2022-05-12,1344,active,True,low,low,0.06316821387880286,8,21923.989999999998,1
63d2b7ab-261a-4c58-ab2f-199c577119ac,user0526@example.com,Andrea,Moore,601-771-7199,1977-01-05,51995 Angela Rapid Apt. 056,Mesa,AZ,USA,58300,POL-000526,home,2021-04-19,2022-04-19,1242.08,214229.82,2021-04-19,1732,active,True,low,low,0.04507817261519162,10,13920.68,0
4f1ce011-272c-4e54-83e3-6b72c46f5237,user0527@example.com,Jesse,Howard,(235)495-1763x52413,1990-11-25,1066 Newton Brooks Apt. 492,Arlington,TX,USA,25833,POL-000527,auto,2025-01-10,2027-01-10,5489.12,261579.5,2025-01-10,370,active,True,medium,medium,0.16887572205621226,5,7464.68,1
ff8e89e9-ecf9-4b5b-bc39-c741e52e8a5c,user0528@example.com,Sean,Wallace,549-405-7175,1957-06-29,997 Martin Crossing Suite 878,Boston,MA,USA,82348,POL-000528,auto,2022-11-13,2024-11-12,3245.51,178005.85,2022-11-13,1159,active,True,low,low,0.05229958232059473,6,11625.34,1
6b292040-3f31-4d23-a0da-622d0b38d76a,user0529@example.com,Megan,Warren,001-616-483-1715x111,1991-12-28,48454 Gonzales Club,Long Beach,CA,USA,88685,POL-000529,life,2024-07-20,2025-07-20,30023.15,1763862.37,2024-07-20,544,active,True,high,high,0.39151421608979287,18,15023.32,8
e50da25a-aec4-4fac-ac70-7b173cecaf11,user0530@example.com,Scott,Leblanc,741.990.6695x4508,1992-12-22,40117 Andrade Corners,Albuquerque,NM,USA,60991,POL-000530,home,2025-09-17,2027-09-17,7115.78,707920.7,2025-09-17,120,active,True,low,low,0.06488208436049532,7,9363.48,0
cec631da-fa11-45b7-85aa-9301f3e5072f,user0531@example.com,Damon,Santos,3119273831,1959-06-15,7965 Green Burgs,Mesa,AZ,USA,08843,POL-000531,health,2021-03-07,2023-03-07,6709.77,248260.61,2021-03-07,1775,active,True,low,low,0.035891975468814286,7,37664.15,0
55201bd1-9e9f-459e-819b-0bad2f32aada,user0532@example.com,Elizabeth,Christian,001-654-526-0782x4116,1965-10-08,1147 Rich Shoals,Indianapolis,IN,USA,52373,POL-000532,auto,2023-11-20,2025-11-19,2171.19,188815.83,2023-11-20,787,active,True,medium,medium,0.18440141545877023,17,31148.75,1
c76af4c2-1cb0-4777-9293-8ae1ee1c0315,user0533@example.com,Drew,Browning,222.530.6421x16846,1980-02-11,59234 Myers Drive Apt. 746,Austin,TX,USA,34202,POL-000533,health,2025-10-01,2026-10-01,10881.92,288694.83,2025-10-01,106,active,True,medium,medium,0.16929794012855626,9,62433.52,2
3cf6e708-dc5b-4b02-a0bf-adf001904f87,user0534@example.com,Kathleen,Hall,(549)650-6054x11371,1987-03-16,107 Danielle Plain,Atlanta,GA,USA,56630,POL-000534,life,2022-08-29,2023-08-29,12461.76,1534629.59,2022-08-29,1235,active,True,low,low,0.04026264648345347,8,4031.28,0
145f1154-6733-41be-9a67-b6b56d30c682,user0535@example.com,Gabrielle,Morris,001-960-618-8304x1544,1998-08-19,43597 Ryan Rapids,Phoenix,AZ,USA,63129,POL-000535,health,2023-12-02,2024-12-01,17064.55,497080.99,2023-12-02,775,active,True,medium,medium,0.1509194978291131,6,22320.879999999997,0
eb3251f2-9e8e-499b-b3e6-02d7ca88c460,user0536@example.com,Elizabeth,Shaw,(925)231-7504x093,1954-10-30,596 Adams Brook,Baltimore,MD,USA,97199,POL-000536,life,2021-03-17,2022-03-17,8222.73,690141.85,2021-03-17,1765,active,True,medium,medium,0.1739201096855883,20,15154.36,3
68b35a6b-b947-4d08-bfd1-cd402d9b271f,user0537@example.com,Gary,Smith,001-450-895-7928x1847,1973-02-18,3992 Jones Roads,New York,NY,USA,12933,POL-000537,health,2024-02-20,2025-02-19,6093.89,152467.48,2024-02-20,695,active,True,medium,medium,0.1801921962975574,16,45267.14,3
62175386-dd95-4de5-8149-789a93e1cae3,user0538@example.com,Michael,Adams,001-562-378-9088x068,1994-03-30,179 Morrison Wells,New York,NY,USA,73168,POL-000538,health,2021-06-28,2023-06-28,5421.81,201144.68,2021-06-28,1662,active,True,medium,medium,0.19011367548835945,15,55690.25,4
0f43671d-eda5-4446-9822-ac3a0771e2cf,user0539@example.com,Margaret,Martin,212.556.7725,1980-02-23,1627 Susan Green Apt. 342,St. Louis,MO,USA,65618,POL-000539,health,2021-10-12,2023-10-12,19810.14,851937.54,2021-10-12,1556,active,True,low,low,0.07126075896696292,6,20643.370000000003,0
cdfeb36f-7ed8-4344-b4af-f10313335bad,user0540@example.com,Troy,Thomas,973-574-2142x09420,2002-01-10,58719 Thomas Causeway Suite 925,Seattle,WA,USA,30152,POL-000540,health,2024-04-19,2026-04-19,11398.45,477324.32,2024-04-19,636,active,True,low,low,0.03709116059663682,10,37659.87,0
29b3004e-e10b-4d32-ae63-9167c76263e5,user0541@example.com,Rebecca,Roman,5958587799,1967-03-04,3795 Hernandez Pike,Atlanta,GA,USA,95090,POL-000541,health,2025-10-18,2027-10-18,25688.27,812217.45,2025-10-18,89,active,True,low,low,0.06684712900192859,9,103932.94,1
4c812d25-8fc2-4c1e-921f-10dd688b6fa5,user0542@example.com,Robert,Becker,329-521-3511,1988-01-24,07535 Gregory Green,Corpus Christi,TX,USA,53585,POL-000542,health,2024-03-03,2025-03-03,4188.85,167999.04,2024-03-03,683,active,True,low,low,0.06171913697746308,8,12913.279999999999,1
e62bd5bd-6bb2-40f4-b0b9-e0028e68ccc7,user0543@example.com,Joshua,Fox,001-741-923-2223x20873,1953-06-22,91370 Hoffman Mill Apt. 792,New York,NY,USA,16740,POL-000543,auto,2025-11-28,2026-11-28,768.55,52967.84,2025-11-28,48,active,True,high,high,0.3367112573777248,21,56104.01,10
5eb76a9d-2c0c-4a89-81ba-27fc6d0176ea,user0544@example.com,Vanessa,Coleman,001-782-326-0809x9371,1986-04-07,8449 Amber Flat,San Antonio,TX,USA,58731,POL-000544,health,2022-03-01,2023-03-01,23325.23,921236.55,2022-03-01,1416,active,True,low,low,0.04772842839619404,13,47518.27,1
fac6bd56-3611-454f-8103-98217c99bf28,user0545@example.com,Tracey,Kim,001-438-611-3370x4946,1998-11-22,0770 Manuel Fort Suite 588,Minneapolis,MN,USA,17562,POL-000545,life,2024-03-23,2026-03-23,8704.22,547273.77,2024-03-23,663,active,True,high,high,0.30670465933497926,25,14973.220000000001,7
ffbeb488-0061-4cb3-82ec-6ae4719628a8,user0546@example.com,Sally,Arnold,718-208-2938,1996-10-13,847 Vargas Plaza,Memphis,TN,USA,22255,POL-000546,home,2025-04-22,2026-04-22,2534.59,213541.82,2025-04-22,268,active,True,low,low,0.03764020331569719,5,5371.33,0
5a6558ae-2069-4dc3-9370-fd98cacae53b,user0547@example.com,Zachary,Doyle,571.256.4153,1975-12-03,6670 Lewis Fort,Chandler,AZ,USA,12377,POL-000547,auto,2025-11-04,2026-11-04,2046.8,151793.43,2025-11-04,72,active,True,low,low,0.052088058615150076,10,15077.03,0
061b492f-c112-4130-9c49-bad3daecd75c,user0548@example.com,Kristina,Jones,(611)295-5309x37313,1963-05-27,170 Todd Roads Apt. 061,Baltimore,MD,USA,71077,POL-000548,auto,2021-07-15,2023-07-15,4639.91,217743.68,2021-07-15,1645,active,True,low,low,0.026623654054996025,11,15760.25,0
aa51f35e-c8c6-4808-840c-480f69951fd1,user0549@example.com,Natasha,Kemp,458-620-7216x2474,1975-01-26,3255 Katrina Isle Apt. 990,Phoenix,AZ,USA,44447,POL-000549,home,2023-12-10,2025-12-09,3685.5,358642.58,2023-12-10,767,active,True,low,low,0.05104766056305747,6,5208.889999999999,0
4e779bf1-028d-47d1-baf0-2f75550fd733,user0550@example.com,Jeffery,Roman,291.520.7209x578,1968-03-28,81996 Ramirez Mews Suite 781,Boston,MA,USA,96071,POL-000550,home,2024-08-14,2026-08-14,6390.32,440991.88,2024-08-14,519,active,True,low,low,0.06663115456637658,5,12664.19,0
789c17f5-efe5-4109-9be7-fead01c63adf,user0551@example.com,Kelly,Lopez,340-851-5567x40920,1987-07-04,930 Charles Glens Apt. 405,Austin,TX,USA,97196,POL-000551,auto,2023-04-10,2025-04-09,2824.58,118332.22,2023-04-10,1011,active,True,low,low,0.041254760191354656,2,33040.75,1
c8d1c45f-0f47-490e-8469-860a9a7d3d09,user0552@example.com,Brett,Mccoy,6912446548,2006-08-30,40046 Sweeney Glen,Stockton,CA,USA,82194,POL-000552,auto,2024-03-07,2026-03-07,3111.62,231392.06,2024-03-07,679,active,True,low,low,0.020054350114765414,11,32332.05,0
4e992800-72a6-46ef-83a8-ae5676ea3e1a,user0553@example.com,Allison,Clark,001-687-852-5604x8992,1974-09-09,6013 Heather Rapids Suite 118,Lexington,KY,USA,15194,POL-000553,auto,2023-05-07,2025-05-06,1717.09,109379.03,2023-05-07,984,active,True,low,low,0.04855437964839204,6,9417.22,0
9d51921d-02d6-4eaf-b6c2-aa5f472223bc,user0554@example.com,Patricia,Sparks,(552)350-8159x5904,1969-08-27,1741 Sutton Orchard,Atlanta,GA,USA,63965,POL-000554,health,2021-11-21,2023-11-21,10308.91,390874.66,2021-11-21,1516,active,True,high,high,0.31728138240526893,17,77921.0,8
f139d6c1-2a8f-4dca-a89f-2b66835ae5a7,user0555@example.com,Tara,Stanley,810.932.3197,1953-05-25,6168 Knapp Harbors Suite 964,Boston,MA,USA,48404,POL-000555,auto,2025-04-27,2026-04-27,3666.66,264858.65,2025-04-27,263,active,True,low,low,0.04281169987851065,7,22222.1,0
73af1419-c240-47e4-aa0e-37fa97641a8c,user0556@example.com,Dawn,Lawson,001-624-641-8328x11372,1994-07-20,759 Jennifer Grove,Houston,TX,USA,39735,POL-000556,auto,2024-11-03,2026-11-03,2274.48,220924.89,2024-11-03,438,active,True,medium,medium,0.17885141280090922,13,21678.52,1
25d50242-2512-4473-8109-100b4f70888e,user0557@example.com,Regina,Johnston,600-994-6584x6392,1982-07-12,76764 Schaefer Mission Apt. 534,Portland,OR,USA,19901,POL-000557,life,2025-11-22,2027-11-22,34649.82,1858998.24,2025-11-22,54,active,True,medium,medium,0.160973596474711,14,13440.76,3
71b306cd-9170-489e-84fc-a12c31b9962e,user0558@example.com,Anna,Wyatt,816.828.9747x676,1993-09-29,193 Martin Villages,San Francisco,CA,USA,33677,POL-000558,health,2022-10-16,2023-10-16,21619.49,895598.0,2022-10-16,1187,active,True,low,low,0.07509158950770219,4,48790.54,0
30a763a4-bfb4-4bb5-bc65-d97c4c79f501,user0559@example.com,Barbara,Wong,817.969.7085,1968-07-07,56396 Williams Hollow,Atlanta,GA,USA,36869,POL-000559,health,2021-09-01,2023-09-01,7784.68,351943.6,2021-09-01,1597,active,True,high,high,0.2668361607987383,18,112277.37,4
cd8ee92d-3eb8-4536-8e96-95e67870a9cf,user0560@example.com,Tim,Olson,240-357-7025,1970-12-01,9409 Ellis Islands Apt. 563,San Antonio,TX,USA,64806,POL-000560,health,2024-12-17,2026-12-17,29530.4,909325.28,2024-12-17,394,active,True,medium,medium,0.12045050501984429,22,45442.74,0
4a359b68-e465-4fb4-ad65-9f1bcc7cd67d,user0561@example.com,Rebecca,Peck,+1-545-755-7663,1990-01-18,50953 Gina Estates,Philadelphia,PA,USA,62160,POL-000561,auto,2022-04-30,2024-04-29,1867.51,175337.75,2022-04-30,1356,active,True,low,low,0.040908678547739316,5,7075.59,0
07958382-3102-469c-8fad-d270ba948fee,user0562@example.com,Theodore,Rice,001-627-469-5887x089,1992-09-09,0366 Kristin Ferry Suite 644,Boston,MA,USA,71405,POL-000562,home,2025-09-05,2027-09-05,4612.4,497190.59,2025-09-05,132,active,True,medium,medium,0.19648157683892536,12,21875.18,1
dc8ce48b-9a4c-424c-9077-224234fa846f,user0563@example.com,Rebecca,Greene,935-900-7961x6537,1989-07-10,47164 Brenda Loaf Apt. 695,Mesa,AZ,USA,03346,POL-000563,health,2021-11-24,2022-11-24,23193.0,601159.97,2021-11-24,1513,active,True,low,low,0.04267810133847705,5,56002.72,0
eecc5370-9c27-4164-b799-d0bb66b6bc89,user0564@example.com,Glenda,Lang,292-950-1691x56978,1986-04-13,07008 James Throughway,Fort Worth,TX,USA,98743,POL-000564,home,2025-04-23,2027-04-23,2462.47,372927.18,2025-04-23,267,active,True,low,low,0.052671877574270484,8,12367.51,0
f6f6aca1-e6fd-4792-ad6e-675b024db9ca,user0565@example.com,Jillian,Smith,674.332.6924,1982-01-24,695 David Square,Stockton,CA,USA,23378,POL-000565,health,2022-07-30,2024-07-29,15728.2,661394.97,2022-07-30,1265,active,True,low,low,0.04816609172924263,4,49002.43,0
09a93242-1be7-4bb4-8257-e5301a9f9e47,user0566@example.com,Kevin,Santana,3316182879,1975-04-01,511 Anthony Field Apt. 905,Minneapolis,MN,USA,79503,POL-000566,auto,2023-11-25,2025-11-24,2501.47,130584.61,2023-11-25,782,active,True,low,low,0.07634652189861443,2,8012.2699999999995,0
ee245eb0-adc2-48a7-a359-79d277fd0d70,user0567@example.com,Tonya,Frazier,+1-494-623-9438x3754,1972-05-12,734 Brown Gardens Apt. 277,Fresno,CA,USA,18410,POL-000567,home,2025-10-18,2026-10-18,4366.29,734494.48,2025-10-18,89,active,True,low,low,0.0793325427282526,4,6011.139999999999,0
14bef064-5055-4705-b853-fcd5ba81f301,user0568@example.com,Christopher,Gibson,416.825.0553,1975-10-06,4837 Ralph Point,Austin,TX,USA,94701,POL-000568,auto,2024-06-15,2025-06-15,1430.17,106844.99,2024-06-15,579,active,True,high,high,0.253139804423811,17,30363.97,3
ddd26ec2-4d4a-4e89-bc7a-38a2a49db435,user0569@example.com,Jasmine,Lawrence,888.994.9128,1959-08-27,4786 Brett Brook Suite 629,San Antonio,TX,USA,49935,POL-000569,home,2023-05-06,2024-05-05,1382.06,242793.79,2023-05-06,985,active,True,medium,medium,0.13683092435952993,12,24938.49,2
bc13eb20-f3c8-41e9-b0ac-c6f047f2f33b,user0570@example.com,Susan,James,(441)257-3180,1966-08-10,07191 Brooke Unions Suite 337,Detroit,MI,USA,07871,POL-000570,auto,2025-05-14,2027-05-14,970.87,61023.05,2025-05-14,246,active,True,medium,medium,0.15331137361135364,7,29993.629999999997,1
0988cad1-7415-4e2d-adb8-298d8f8e6ef8,user0571@example.com,Hector,Diaz,314.396.3550x19353,1951-10-19,584 Foster Ville,Los Angeles,CA,USA,30024,POL-000571,auto,2025-12-23,2026-12-23,3405.42,225985.52,2025-12-23,23,active,True,medium,medium,0.14479841091483758,10,37698.2,3
5857e5e2-9580-4a12-b77c-11797fcf4fb1,user0572@example.com,Christopher,Robinson,7018749317,2005-03-25,02173 Lewis Village Suite 010,Charlotte,NC,USA,13307,POL-000572,auto,2025-10-22,2027-10-22,3604.18,176188.58,2025-10-22,85,active,True,medium,medium,0.1669456356058851,7,24462.260000000002,0
1492ae5d-e8d7-42cf-96c0-4d530076b8d7,user0573@example.com,Sherry,Knight,(821)789-2240x06138,1965-09-11,0251 Wright Plains Apt. 471,Tucson,AZ,USA,08908,POL-000573,health,2024-05-04,2026-05-04,16015.5,580624.96,2024-05-04,621,active,True,low,low,0.04041649893404185,5,30682.71,0
c1363c09-908b-4487-9dad-5d07c3e95164,user0574@example.com,Jennifer,Johnson,7458015311,1953-05-30,6934 Barajas Rest,Los Angeles,CA,USA,57782,POL-000574,home,2025-03-09,2026-03-09,6268.49,694833.9,2025-03-09,312,active,True,high,high,0.26535916941897647,22,23845.4,6
d26fbad0-5231-4a84-8943-6fe5e40ddf3a,user0575@example.com,Melanie,Scott,256.825.7504x22464,1984-04-18,861 Morgan Green Apt. 827,San Jose,CA,USA,65905,POL-000575,auto,2023-02-14,2024-02-14,2789.48,134309.44,2023-02-14,1066,active,True,low,low,0.06456929009509195,10,15569.189999999999,0
c775420b-e0e9-4a88-89f8-159ce42d55d3,user0576@example.com,Darrell,Hoffman,760-758-0197,2002-11-05,267 Jefferson Islands,Austin,TX,USA,06613,POL-000576,auto,2021-08-01,2023-08-01,2274.18,186903.0,2021-08-01,1628,active,True,low,low,0.02803647316400002,9,21096.64,0
f1519c10-4cf8-4f55-ad55-f8e786292eb4,user0577@example.com,Jessica,Davis,242-394-2670x8805,1969-01-31,78626 Rich Mills,San Jose,CA,USA,06137,POL-000577,auto,2022-05-08,2024-05-07,2325.33,151641.95,2022-05-08,1348,active,True,medium,medium,0.18328032592523258,11,14905.2,1
31df8567-73d8-4399-8b3b-e5d2667568fa,user0578@example.com,Jonathan,Jenkins,001-381-942-0768,1987-12-08,8143 Ward Mountains,Boston,MA,USA,20707,POL-000578,health,2022-07-03,2024-07-02,11548.16,457199.18,2022-07-03,1292,active,True,low,low,0.04252991732124321,4,9501.119999999999,0
5cba11ed-4478-49dc-ae6d-1acdfb3a2475,user0579@example.com,Jeremiah,Goodman,266.910.5417x150,1975-02-13,751 Adam Mission,Laredo,TX,USA,62531,POL-000579,auto,2024-05-24,2026-05-24,4937.09,277365.2,2024-05-24,601,active,True,low,low,0.06727645524037401,6,10673.34,0
e3149727-a365-455d-bf1a-0b02617aa195,user0580@example.com,Harold,Campbell,(957)461-8677x066,1989-12-11,83491 Harris Roads,Virginia Beach,VA,USA,78078,POL-000580,auto,2023-10-21,2025-10-20,2656.7,256957.15,2023-10-21,817,active,True,low,low,0.03463056379796632,5,10513.36,0
2830dd22-81b5-47d3-a65c-18865f3f6b8f,user0581@example.com,Daniel,Moore,(659)278-3367,2001-12-19,05994 Watts Road,Fresno,CA,USA,51760,POL-000581,home,2025-01-05,2026-01-05,4201.77,442532.03,2025-01-05,375,active,True,high,high,0.3957886826053503,17,56890.69,8
4a8753c9-241d-4ca0-a5e9-85ddc9ef2a54,user0582@example.com,Melanie,Zhang,+1-501-822-5620,1955-08-11,802 Henry Shoals,Louisville,KY,USA,05545,POL-000582,auto,2023-12-28,2024-12-27,2174.74,91293.25,2023-12-28,749,active,True,medium,medium,0.15384604182371864,8,28980.06,2
bd8a74dc-b1c5-4dad-97ca-702cbc5f0c8e,user0583@example.com,Melissa,Golden,(706)337-0355,1968-06-26,6166 Toni Lodge Suite 863,Stockton,CA,USA,51063,POL-000583,life,2024-12-30,2026-12-30,11227.83,835427.9,2024-12-30,381,active,True,low,low,0.068177978066514,2,497.34000000000003,0
97eced45-b8d5-48a1-9a0a-48395b75f45d,user0584@example.com,Brian,Norman,468.773.2092,2000-09-04,80694 Cheyenne Points Suite 387,Los Angeles,CA,USA,13201,POL-000584,life,2025-04-25,2026-04-25,33847.8,1917484.63,2025-04-25,265,active,True,low,low,0.06130243276315535,8,12198.96,1
ef7eaded-6d81-416b-b077-403cab0706df,user0585@example.com,Amanda,Gonzalez,510-200-6658x4843,1993-11-30,0356 Jenna Rest Suite 064,Atlanta,GA,USA,74587,POL-000585,auto,2025-02-14,2027-02-14,5948.28,250202.37,2025-02-14,335,active,True,high,high,0.34045057606448675,17,97639.85,10
6b560566-68b7-45ea-8b1e-e6ef4bac3082,user0586@example.com,Felicia,Ruiz,+1-904-247-9058x304,1957-05-17,76451 Adam Trafficway,Los Angeles,CA,USA,06761,POL-000586,auto,2025-05-07,2026-05-07,2474.02,216981.12,2025-05-07,253,active,True,medium,medium,0.1606280114509985,13,20543.09,2
608f42eb-edf8-4e86-8278-36c87c58cae9,user0587@example.com,Crystal,Williams,298-657-5473,1960-06-23,62828 Bowers Mills Apt. 553,Tucson,AZ,USA,24589,POL-000587,health,2022-08-22,2024-08-21,26054.78,988451.06,2022-08-22,1242,active,True,low,low,0.0519173419269906,10,46167.87,0
8ac5d611-0137-492e-b8d7-cbadfb5f24ac,user0588@example.com,Heather,Hayden,(315)950-1352x471,1982-02-07,505 Jared Way Apt. 841,Chandler,AZ,USA,67725,POL-000588,home,2021-02-07,2023-02-07,8807.47,619463.72,2021-02-07,1803,active,True,high,high,0.30600678393052605,13,13251.48,2
3d6aabba-1c6e-45c7-93d1-2d7cef28daa2,user0589@example.com,Kaitlyn,Underwood,320-707-4045,1974-11-07,27692 Hoffman Prairie,Chicago,IL,USA,35265,POL-000589,life,2021-02-27,2022-02-27,6755.6,613847.75,2021-02-27,1783,active,True,high,high,0.3805593862338553,13,9462.67,2
ba8a5b43-8d3c-48bb-be84-2caae34c9d01,user0590@example.com,William,Hood,809.225.2390,1971-04-28,0712 Gallegos Vista,Miami,FL,USA,16635,POL-000590,auto,2023-04-12,2024-04-11,1036.63,64068.75,2023-04-12,1009,active,True,medium,medium,0.1663133226074174,13,25940.13,2
e3c5982a-e651-4b88-8d2d-77122e1bbbec,user0591@example.com,Jamie,Bruce,+1-512-858-1936x694,1967-04-17,3145 Watson Manor Apt. 508,Long Beach,CA,USA,77002,POL-000591,home,2022-01-20,2024-01-20,7028.52,611424.34,2022-01-20,1456,active,True,low,low,0.0454547421923948,7,13795.28,0
4e105897-2e0a-4854-9130-044a20d7242a,user0592@example.com,Daniel,Carter,001-231-487-9897x633,1961-07-20,33388 Dale Port Suite 025,Fort Worth,TX,USA,04052,POL-000592,home,2022-08-20,2023-08-20,5393.22,552307.48,2022-08-20,1244,active,True,low,low,0.03954244010521994,4,3127.33,0
c229d758-341d-4dab-9b95-4f0a319a408c,user0593@example.com,Jennifer,Hernandez,8406043866,1977-02-21,260 Steven Neck Suite 636,Albuquerque,NM,USA,66491,POL-000593,life,2024-02-02,2026-02-01,2705.83,139222.54,2024-02-02,713,active,True,low,low,0.04774133605607975,8,4467.95,1
45bbe659-57a4-419c-af3d-ce3eb21d5871,user0594@example.com,Jamie,Cowan,980.288.2330,1955-06-15,7707 Garcia Square,Lexington,KY,USA,52428,POL-000594,auto,2021-03-07,2023-03-07,1381.76,118697.57,2021-03-07,1775,active,True,low,low,0.05958925056160368,13,11668.8,0
937ffc77-2474-4067-ae1e-af8e2e512cf9,user0595@example.com,Aaron,Hunter,+1-263-267-8281x6896,1971-12-27,812 Chapman Inlet Apt. 528,New York,NY,USA,88579,POL-000595,auto,2021-09-24,2023-09-24,4908.35,275058.71,2021-09-24,1574,active,True,medium,medium,0.1291604957175185,12,55322.71,1
ff99cdac-6355-487b-9e9e-69d513de3f18,user0596@example.com,Marcus,Hickman,(281)579-2241x99797,1957-03-11,348 Christine Vista,Columbus,OH,USA,45818,POL-000596,auto,2022-05-15,2024-05-14,3545.69,176592.43,2022-05-15,1341,active,True,low,low,0.07469709233020569,7,10244.62,0
d705f7d7-a258-41ce-8ec2-d904437280cb,user0597@example.com,Jonathan,Odonnell,889.904.8334x658,2003-03-02,0213 Elizabeth Parkways,Miami,FL,USA,90644,POL-000597,life,2025-06-18,2026-06-18,21794.64,1743618.81,2025-06-18,211,active,True,high,high,0.27113559155319755,20,26032.28,7
9351459f-f228-4774-894b-51622943dede,user0598@example.com,Jacqueline,Adkins,(540)959-9743x08780,1980-06-07,371 Robert Wells Suite 041,Anchorage,AK,USA,44231,POL-000598,home,2021-03-08,2023-03-08,2820.3,288080.98,2021-03-08,1774,active,True,medium,medium,0.12139444364016366,7,5541.12,1
90e7913d-52a2-429c-980b-57c5f0f1270d,user0599@example.com,Luke,Fernandez,+1-613-973-1421x7562,1984-07-02,433 Tyler Plains Apt. 730,Stockton,CA,USA,46619,POL-000599,home,2024-12-20,2025-12-20,4275.45,675806.18,2024-12-20,391,active,True,low,low,0.05111832143996076,8,43199.12,2
3d5fb15c-b437-420d-b1bb-0820e8da5746,user0600@example.com,Christina,Ortiz,(608)240-7846,1994-05-08,7466 Darryl Ridges Suite 856,San Francisco,CA,USA,45451,POL-000600,auto,2024-04-13,2026-04-13,2458.7,134204.78,2024-04-13,642,active,True,low,low,0.054516775691285005,7,32020.97,0
f03e971b-35f8-4b29-9efb-c42646386012,user0601@example.com,Leslie,Cooper,224-958-6672x9299,1959-06-09,9406 Corey Trail Suite 138,Seattle,WA,USA,21949,POL-000601,auto,2024-03-11,2026-03-11,3830.38,260506.05,2024-03-11,675,active,True,low,low,0.07032227147203157,9,18915.48,2
58ac12a3-3def-40dd-97a2-431b064f7944,user0602@example.com,Sandra,Hall,(788)633-9238x98622,1974-08-02,96610 Michael Landing Suite 480,Mesa,AZ,USA,73843,POL-000602,home,2023-03-25,2025-03-24,5131.98,573177.57,2023-03-25,1027,active,True,medium,medium,0.18145654142459927,13,17990.08,1
fd502323-eadf-410f-b11a-0880979bbcae,user0603@example.com,James,Pearson,249-826-2735,1951-11-12,66460 Jones Rapids,Columbus,OH,USA,05253,POL-000603,home,2025-08-09,2026-08-09,8105.15,699094.47,2025-08-09,159,active,True,low,low,0.04094962319394499,8,15604.99,1
116272e1-9592-4307-ba68-1b1f2ccf270f,user0604@example.com,Mercedes,Smith,+1-216-365-9545x430,1977-07-25,2742 Rhonda Island Apt. 258,Arlington,TX,USA,75292,POL-000604,life,2023-11-14,2024-11-13,24990.64,1698691.23,2023-11-14,793,active,True,medium,medium,0.1473205688547235,13,5066.03,1
af3f58c5-1122-40f4-bab5-25938b7a9e96,user0605@example.com,Patricia,Parks,807.332.1665,1952-09-12,86117 Jason Glen Apt. 250,Chandler,AZ,USA,03443,POL-000605,auto,2023-07-27,2024-07-26,2753.14,110678.75,2023-07-27,903,active,True,low,low,0.03184422402383255,5,6726.95,1
1465d361-0269-41c4-ae20-a4ad4644be9f,user0606@example.com,Gregory,Irwin,(643)949-4652x65053,2001-08-02,16028 Haynes Wells Suite 388,San Diego,CA,USA,95027,POL-000606,health,2023-01-27,2024-01-27,23952.87,691358.66,2023-01-27,1084,active,True,low,low,0.04132432440574013,4,23068.32,0
d861a834-fe73-4e45-9021-27bbfdba1d91,user0607@example.com,Michael,Fowler,+1-775-492-0415,2005-11-06,01643 Renee Gateway,Fresno,CA,USA,82706,POL-000607,health,2023-07-13,2024-07-12,10053.27,340364.75,2023-07-13,917,active,True,low,low,0.06935817629343323,11,73321.62,0
e5f183de-41ae-4e72-a24c-ca02c8596e54,user0608@example.com,Dennis,Moyer,844.943.3294x578,1990-03-31,047 Anderson Roads Suite 497,Chandler,AZ,USA,20206,POL-000608,health,2025-11-13,2027-11-13,17568.76,580055.4,2025-11-13,63,active,True,low,low,0.035406170932274786,5,134257.38999999998,0
09dc611d-cdd8-4d44-9c1c-9b2673de5d09,user0609@example.com,Kristina,Trujillo,241.990.6710,1982-06-18,98299 Cameron Roads Suite 212,Memphis,TN,USA,66399,POL-000609,auto,2024-12-21,2026-12-21,3028.34,148196.41,2024-12-21,390,active,True,medium,medium,0.1950309580875907,16,47504.77,2
0053ee04-6a63-4788-b77f-8261b7a7648a,user0610@example.com,Michael,Bailey,+1-370-724-8910x557,1994-07-11,45651 Victoria Fork Suite 344,Dallas,TX,USA,07824,POL-000610,auto,2021-09-02,2023-09-02,1802.1,102789.51,2021-09-02,1596,active,True,medium,medium,0.12160093789030198,16,36016.93,2
5816aac6-e3b6-4428-a349-4f05bae36267,user0611@example.com,Tanner,Johnson,001-606-731-3959x43578,1985-12-17,12821 Laura Falls Suite 421,New York,NY,USA,87009,POL-000611,auto,2024-08-14,2026-08-14,2056.83,116136.57,2024-08-14,519,active,True,low,low,0.05438895487887474,8,21248.079999999998,1
d2989f27-4441-4930-ac22-264c881acc1c,user0612@example.com,Luis,Baker,288.793.7707x0507,2004-12-18,626 Jacob Lodge,Houston,TX,USA,24002,POL-000612,home,2023-08-04,2025-08-03,9742.12,758210.71,2023-08-04,895,active,True,medium,medium,0.1360007136890198,7,14550.5,1
96b6f46f-1593-4dea-9bdf-8da75f339500,user0613@example.com,Jennifer,Russo,226.657.2079,1992-11-18,8937 Simpson Isle,Houston,TX,USA,21876,POL-000613,home,2025-09-11,2027-09-11,8347.12,673804.17,2025-09-11,126,active,True,medium,medium,0.1700169227086012,11,32154.76,2
18e78239-b00f-431f-8d45-40a3f06133d5,user0614@example.com,Denise,Oliver,+1-563-769-1845x441,1976-04-11,262 Craig Unions,Cleveland,OH,USA,46625,POL-000614,auto,2024-07-15,2025-07-15,3541.84,257068.39,2024-07-15,549,active,True,low,low,0.0666381288886351,6,14646.99,1
2b12e70d-ffef-4a9d-9ca0-06b2be876df7,user0615@example.com,Carrie,Ray,(574)578-7155,2005-10-14,793 Laura Forest,Albuquerque,NM,USA,84537,POL-000615,home,2021-07-24,2022-07-24,4116.59,476231.71,2021-07-24,1636,active,True,medium,medium,0.1482403800777469,16,59653.04,4
248f6f03-1650-4020-814e-0eba4cf85e55,user0616@example.com,Troy,Mosley,396-217-6502,1996-07-16,78649 Barron View,Austin,TX,USA,68894,POL-000616,health,2022-07-13,2024-07-12,8323.57,278569.09,2022-07-13,1282,active,True,medium,medium,0.18333120577464504,7,27255.35,2
3e137e5b-42b4-4bf1-aa9c-9258a7c9e6fe,user0617@example.com,Karina,Humphrey,8055125380,1955-08-01,3769 George Point,New York,NY,USA,61798,POL-000617,health,2024-05-22,2025-05-22,19593.81,695138.78,2024-05-22,603,active,True,low,low,0.07372476267165314,6,56715.02,0
2fc1c1d8-da80-4081-9382-5b988ddf1139,user0618@example.com,Rebecca,Sutton,001-374-362-2689x753,1993-05-10,43872 Sean Mission Apt. 144,Miami,FL,USA,33412,POL-000618,auto,2024-03-16,2026-03-16,1254.79,53737.49,2024-03-16,670,active,True,high,high,0.2867430262548934,14,57159.56,4
218f7d7d-0707-424f-9d37-2c75f37d9075,user0619@example.com,Joseph,Logan,699-564-5962,1982-02-07,277 Megan Mission,Jacksonville,FL,USA,30453,POL-000619,health,2024-04-22,2026-04-22,25685.0,992434.81,2024-04-22,633,active,True,medium,medium,0.17681946735418075,14,142614.22,3
b29fc806-d2c8-4707-929e-2a73d34164b1,user0620@example.com,Robert,Rivera,+1-870-951-8251x1031,1957-08-12,5914 Poole Landing,San Antonio,TX,USA,54797,POL-000620,health,2024-05-13,2025-05-13,13711.81,430892.24,2024-05-13,612,active,True,low,low,0.05022640662347805,8,67519.18000000001,0
be3ffd1b-95d5-4376-89d9-dbc4619bb947,user0621@example.com,Rhonda,Harvey,(476)801-5043x4010,1987-12-22,6475 Richard Vista Suite 573,Columbus,OH,USA,95543,POL-000621,auto,2023-03-09,2025-03-08,4439.72,193490.38,2023-03-09,1043,active,True,high,high,0.3222074067622641,20,75447.65,7
adbd29bc-9865-4940-81f3-181b0d7cec81,user0622@example.com,Dawn,Castillo,210-650-6859x0233,2001-09-23,214 Fields Way Suite 165,New Orleans,LA,USA,29376,POL-000622,auto,2021-09-25,2023-09-25,2017.45,88735.45,2021-09-25,1573,active,True,low,low,0.05129597077946729,7,20138.050000000003,1
a19522f8-8501-404f-8340-4bcbe0b9f8fb,user0623@example.com,Phyllis,Robinson,3538428907,1958-09-04,96150 Rodriguez Ville,Fort Worth,TX,USA,07117,POL-000623,health,2025-04-14,2026-04-14,2984.81,104522.95,2025-04-14,276,active,True,medium,medium,0.1357989025321626,9,72562.68000000001,0
d34ae230-40bd-4f02-90bc-69507bcdad2f,user0624@example.com,David,Munoz,367.905.9041,1988-02-21,9631 Gutierrez Bypass Suite 087,Los Angeles,CA,USA,36040,POL-000624,auto,2023-03-13,2025-03-12,2500.05,179209.19,2023-03-13,1039,active,True,low,low,0.03259188063674727,10,20505.27,0
8d3f8e08-bd43-4891-b6dc-c6e016c26a62,user0625@example.com,Maria,Roy,(698)930-8788,1976-04-09,3759 Andersen Streets,Indianapolis,IN,USA,51843,POL-000625,auto,2024-02-12,2026-02-11,2977.1,143061.32,2024-02-12,703,active,True,low,low,0.053288405496436875,7,14081.570000000002,0
d2708524-68b6-43ab-a727-de22d6a92ace,user0626@example.com,Ryan,Thompson,782-730-0971x547,1950-12-18,67211 Reyes Track,Detroit,MI,USA,96429,POL-000626,auto,2023-09-23,2024-09-22,3074.29,284036.58,2023-09-23,845,active,True,low,low,0.06040348874179011,8,16978.7,0
d96e7249-835d-4e34-abcc-4364af95edd8,user0627@example.com,Carl,Smith,(982)346-4913,1974-05-29,94231 Escobar Lodge Apt. 781,Austin,TX,USA,29692,POL-000627,auto,2023-08-24,2024-08-23,2573.33,123981.59,2023-08-24,875,active,True,medium,medium,0.12674164473446123,17,37804.47,1
60810334-ae77-4249-aa9c-9cee52ccf0ee,user0628@example.com,Desiree,Carr,(218)613-6900x479,1975-02-08,9405 Mark Rapids Apt. 942,Memphis,TN,USA,65317,POL-000628,health,2021-08-17,2022-08-17,6534.95,190217.23,2021-08-17,1612,active,True,medium,medium,0.1743854500175976,8,24403.44,1
53cb9e7a-8365-4b17-9b28-e63758580d2d,user0629@example.com,Olivia,Key,001-219-826-8900x986,1997-12-30,4166 Davis Neck,Albuquerque,NM,USA,61658,POL-000629,auto,2023-11-02,2025-11-01,1752.23,143251.77,2023-11-02,805,active,True,low,low,0.05350306865421331,7,11564.92,0
77944884-e059-4e81-93fe-0ea8265851df,user0630@example.com,Mary,Ramirez,4676080585,2007-12-23,9779 Miles Fall,Portland,OR,USA,37839,POL-000630,life,2024-06-17,2025-06-17,17779.0,1297990.17,2024-06-17,577,active,True,high,high,0.30551339201049565,17,12933.64,5
14759697-5016-482e-9913-99e587f501bd,user0631@example.com,Arthur,Brown,851-486-1759,1994-11-18,476 Brewer Courts Suite 958,Arlington,TX,USA,28271,POL-000631,health,2026-01-11,2027-01-11,12059.18,524386.11,2026-01-11,4,active,True,low,low,0.03583765124791226,6,5223.7,0
e5618871-f968-406f-acaf-3baed90b3a36,user0632@example.com,Michael,George,4104263349,1975-09-26,708 Ray Vista Apt. 682,Tucson,AZ,USA,31275,POL-000632,life,2021-12-10,2022-12-10,8925.17,678808.08,2021-12-10,1497,active,True,low,low,0.021228625001731873,7,2269.7,0
55f1b6a2-d9ef-4965-8180-f05b2d305ad4,user0633@example.com,Julia,Figueroa,734-748-2138x011,1977-09-20,51398 Mcgrath Valley Apt. 237,Stockton,CA,USA,47898,POL-000633,auto,2024-02-14,2025-02-13,3837.73,194734.29,2024-02-14,701,active,True,medium,medium,0.17495088627054053,17,49474.69,5
d697ee57-e2db-4720-af73-7f52493edefd,user0634@example.com,Katherine,Lynch,617.552.5232,1964-08-08,39579 Nguyen Mews,Portland,OR,USA,22230,POL-000634,home,2021-02-08,2022-02-08,11030.62,788947.42,2021-02-08,1802,active,True,low,low,0.07715992568590199,9,7356.54,0
2251dcf2-ccee-445d-b8c8-b9a144ffac24,user0635@example.com,Travis,Tanner,(600)264-5580x482,1977-08-21,625 Boyd Summit,Jacksonville,FL,USA,24054,POL-000635,home,2023-10-18,2024-10-17,3305.2,249641.05,2023-10-18,820,active,True,medium,medium,0.17416810210858918,10,23912.77,2
b4357b56-2796-41e9-9508-538aeb2a1e87,user0636@example.com,Michelle,Curry,2627587360,1970-06-17,262 Sharon Shores,Houston,TX,USA,11339,POL-000636,health,2023-12-02,2025-12-01,3732.68,171011.65,2023-12-02,775,active,True,low,low,0.04564449727425891,7,15497.220000000001,1
bc5f3efe-fbab-43d2-ba6a-3e42d332ff91,user0637@example.com,Victoria,Brooks,6113532703,1998-02-22,7568 Lewis Oval Apt. 379,Detroit,MI,USA,77551,POL-000637,home,2025-11-23,2027-11-23,7733.06,541490.59,2025-11-23,53,active,True,high,high,0.32953948384575227,16,32766.1,8
fdcdc588-b259-48a7-8afb-23bedc3b7a68,user0638@example.com,Alan,Johnson,001-853-782-8981x223,1976-04-22,76445 Eric Islands Suite 222,New Orleans,LA,USA,02077,POL-000638,home,2023-09-21,2025-09-20,4783.83,391081.66,2023-09-21,847,active,True,medium,medium,0.18412845412904344,6,16072.539999999999,2
3ef3a698-e30c-492c-be4d-8fd7dd5aa68e,user0639@example.com,Nancy,Harris,964-342-9961x380,1982-06-17,69939 Morgan Camp Suite 838,Memphis,TN,USA,94930,POL-000639,health,2023-09-30,2025-09-29,29457.49,792940.09,2023-09-30,838,active,True,high,high,0.2500277792943164,21,212107.35,3
bd6a48e6-5bed-4108-b07b-3ec90c5df07f,user0640@example.com,Donald,James,001-986-304-2785,1993-07-20,3056 Curtis Run,San Jose,CA,USA,99539,POL-000640,home,2021-10-18,2022-10-18,2463.79,306543.2,2021-10-18,1550,active,True,medium,medium,0.14694340888656854,10,15962.92,0
78755735-4580-43ae-8118-653b0a59bbed,user0641@example.com,Gregory,Sims,+1-296-894-1235x28889,1994-04-07,07149 Robin Ford,Fresno,CA,USA,92774,POL-000641,life,2023-02-11,2024-02-11,26910.59,1525175.58,2023-02-11,1069,active,True,medium,medium,0.1576076766761213,11,7685.31,1
89df9e2a-6927-4339-bed8-8fd8263069b3,user0642@example.com,John,Mcpherson,408.858.8444x37213,1999-11-08,6383 Jennifer Club Apt. 438,Laredo,TX,USA,39434,POL-000642,home,2023-01-14,2024-01-14,2963.67,274542.02,2023-01-14,1097,active,True,low,low,0.05990797161102353,13,24656.28,1
112d48cd-b6f0-4841-a4f0-b981659ca8a9,user0643@example.com,Brandon,Garza,397.956.8421x8180,1966-03-28,131 Erik Lights,Corpus Christi,TX,USA,47268,POL-000643,home,2024-07-12,2025-07-12,3250.99,331999.68,2024-07-12,552,active,True,high,high,0.3513106655702941,14,24233.42,4
f7cb7a44-8948-466d-aec7-006d030dbe4b,user0644@example.com,Scott,Hughes,302.931.2178,1995-08-29,2327 Fox Plaza,Indianapolis,IN,USA,12545,POL-000644,auto,2024-02-18,2026-02-17,3738.26,167777.59,2024-02-18,697,active,True,low,low,0.02747685246245127,9,10503.4,0
bad99ecd-4b69-4dc6-a610-a6ae4bee5382,user0645@example.com,Amanda,Carr,(406)930-4165,1959-10-02,89109 Perez Canyon Apt. 179,Long Beach,CA,USA,86852,POL-000645,life,2025-05-26,2027-05-26,7061.7,855227.19,2025-05-26,234,active,True,high,high,0.30604612277000476,8,8415.84,6
b76bc4a3-1830-42cd-af09-be05eaa1b6ac,user0646@example.com,Katherine,Brown,(322)638-0137x0209,1950-04-28,9613 Johnson Mountain Suite 272,Indianapolis,IN,USA,05262,POL-000646,home,2025-03-25,2026-03-25,6636.96,485974.5,2025-03-25,296,active,True,low,low,0.021926574828923497,5,15203.85,1
f4c91797-e245-4c03-aefd-ef5ae59436e5,user0647@example.com,Justin,Williams,001-398-806-3533x350,1991-03-27,51049 Gray Crest Suite 305,Fresno,CA,USA,87734,POL-000647,health,2024-03-14,2025-03-14,31035.0,897466.57,2024-03-14,672,active,True,medium,medium,0.1942248049318157,14,54505.25,2
0b882bf7-c9f3-45b6-885b-49d3b4b35311,user0648@example.com,Jessica,Morgan,432.609.6730,2006-08-13,1359 Perry Garden Apt. 903,San Jose,CA,USA,50818,POL-000648,home,2021-05-30,2023-05-30,4982.33,536125.64,2021-05-30,1691,active,True,medium,medium,0.19728449062121595,11,13228.53,3
b81f8bec-0749-477f-9eeb-6127ac385203,user0649@example.com,Tina,Blanchard,(274)633-9195x800,1955-12-15,675 Christopher Inlet,San Francisco,CA,USA,56930,POL-000649,life,2022-03-01,2023-03-01,6341.67,1224038.71,2022-03-01,1416,active,True,medium,medium,0.12274333426484338,18,14421.949999999999,2
cdb27a13-9e96-4768-9d76-8212156fe7d0,user0650@example.com,Deborah,Adams,(400)239-4558x464,1955-09-15,902 Gary Court,Minneapolis,MN,USA,49692,POL-000650,home,2023-08-20,2025-08-19,2475.32,321366.31,2023-08-20,879,active,True,low,low,0.05027846335688452,4,10343.26,0
268dae6c-90b1-4cd6-a035-a11cc1629ce9,user0651@example.com,Daniel,Boyd,+1-406-809-1750x751,1997-04-17,5046 Nicole Rue Apt. 284,Denver,CO,USA,26227,POL-000651,life,2025-12-03,2027-12-03,15616.48,1922821.72,2025-12-03,43,active,True,medium,medium,0.14489548819751555,9,4107.900000000001,1
9dced061-d279-4b7b-875e-ae24c0a1c25e,user0652@example.com,Emily,Reed,+1-987-320-2048,2001-08-23,5347 Goodwin Corners,Milwaukee,WI,USA,33599,POL-000652,home,2024-09-14,2026-09-14,4071.79,795935.64,2024-09-14,488,active,True,high,high,0.29493889833778236,19,27892.84,2
b2668497-284b-4717-bb72-02838702e8ee,user0653@example.com,Douglas,Maynard,001-771-297-4531x4595,2005-07-22,29069 Torres Flat,San Francisco,CA,USA,41806,POL-000653,auto,2022-06-30,2023-06-30,1473.65,141946.77,2022-06-30,1295,active,True,low,low,0.05856476276451676,4,5446.91,0
b79caa84-428c-4ba3-9d1e-45db0a1bb780,user0654@example.com,Samantha,Taylor,429.643.6109x098,1968-10-17,6470 Mary Manor,Las Vegas,NV,USA,01291,POL-000654,life,2023-02-28,2025-02-27,11312.53,878710.58,2023-02-28,1052,active,True,low,low,0.04862778604374099,9,7916.59,0
30873954-db4f-4d35-a505-f9334ace650b,user0655@example.com,Daniel,Brown,(802)425-2553x13417,2007-09-08,541 Wood Springs,Chandler,AZ,USA,04640,POL-000655,home,2023-03-27,2025-03-26,2957.05,390030.27,2023-03-27,1025,active,True,medium,medium,0.12301978535739466,14,13455.76,2
43721819-3505-410a-8a00-5bb51a2ea4ed,user0656@example.com,John,Levine,+1-505-584-8281x739,1993-11-01,108 Laurie Manors Suite 612,Los Angeles,CA,USA,08484,POL-000656,auto,2021-07-08,2022-07-08,4315.71,213457.49,2021-07-08,1652,active,True,low,low,0.06512929353545996,6,15171.82,1
0a26751c-fb5f-4141-8392-863a47afb273,user0657@example.com,Sherri,Mitchell,667-764-7856x250,1953-05-27,439 Michael Bridge,Miami,FL,USA,76538,POL-000657,life,2024-12-10,2025-12-10,23748.47,1634004.79,2024-12-10,401,active,True,high,high,0.29555814303867833,25,17216.13,8
3c16e017-440c-45c4-80c6-2543e451376c,user0658@example.com,George,Reynolds,4287551438,1989-09-05,32865 Amanda Crossing,Cleveland,OH,USA,74268,POL-000658,auto,2023-12-07,2025-12-06,1742.26,160538.53,2023-12-07,770,active,True,low,low,0.07870966788030745,8,16262.19,2
f2a3d5ea-9af7-4433-9cac-3769626086ff,user0659@example.com,Allison,Maxwell,(983)590-5306,2001-08-19,38840 Joan Route,Columbus,OH,USA,62728,POL-000659,health,2024-12-29,2025-12-29,11297.41,547321.28,2024-12-29,382,active,True,low,low,0.0567386773304238,7,66286.59,0
3130e6d2-9b16-46d3-93db-25ccbb8be1d8,user0660@example.com,Richard,Thomas,001-719-910-5071x970,1967-01-17,4069 Pamela Gateway Suite 673,Arlington,TX,USA,72892,POL-000660,health,2023-05-11,2024-05-10,7432.72,304301.17,2023-05-11,980,active,True,low,low,0.029685019261254435,7,36132.65,0
d308f14e-c195-46df-a66f-eea0c5d9b20c,user0661@example.com,John,Ingram,+1-855-467-6959x7929,1992-10-10,73243 Avila Field,Long Beach,CA,USA,89156,POL-000661,life,2024-04-03,2025-04-03,8002.46,890895.9,2024-04-03,652,active,True,high,high,0.2953888228996174,25,13703.0,10
0bdb1ad8-dd2d-42b8-b6a1-6d877c06e8ae,user0662@example.com,Christina,Duncan,6565651413,1951-04-06,8329 Cruz Square Apt. 605,Denver,CO,USA,95000,POL-000662,home,2025-05-06,2027-05-06,4478.84,493267.63,2025-05-06,254,active,True,low,low,0.03267710225419627,7,10273.2,1
a769b212-f4b9-4162-99c0-790be42d89bb,user0663@example.com,Brandy,Ruiz,5249236374,1964-07-02,31843 Jones Key,Las Vegas,NV,USA,88838,POL-000663,home,2024-03-04,2025-03-04,6857.83,605113.65,2024-03-04,682,active,True,low,low,0.0477494126243356,9,15970.37,0
1d10cf7e-4e25-40a4-9df8-b500e8c2c96b,user0664@example.com,David,Kim,+1-426-211-1476,1975-11-11,8735 Martinez Views Suite 564,Philadelphia,PA,USA,59753,POL-000664,auto,2023-06-12,2024-06-11,2843.95,206254.86,2023-06-12,948,active,True,low,low,0.06013722260409647,10,19649.07,1
9c084c2a-f952-40df-8c9e-331c67eaa02f,user0665@example.com,Veronica,Brown,568-985-9266,1986-12-28,88943 Brandon Hills,Madison,WI,USA,72198,POL-000665,health,2025-07-20,2026-07-20,2960.02,118459.83,2025-07-20,179,active,True,low,low,0.07344000055351443,5,29321.44,0
239d241c-b4be-401e-8936-a519e4e3c977,user0666@example.com,Thomas,Fitzgerald,365-260-8804,1993-08-07,4628 Ryan Mountain,Memphis,TN,USA,27400,POL-000666,health,2024-05-17,2026-05-17,20083.09,543731.61,2024-05-17,608,active,True,low,low,0.0560443864670236,5,33567.95,0
1838c45e-8b45-48bc-9921-ce6b2e40646b,user0667@example.com,Nicholas,Pennington,+1-373-363-1493,1961-01-21,93804 Smith Forks,Houston,TX,USA,00931,POL-000667,auto,2022-05-07,2023-05-07,3482.16,205986.39,2022-05-07,1349,active,True,high,high,0.2559177929384037,25,55329.44,10
b08ea2ab-b468-4214-a6f1-41b3c830f8d0,user0668@example.com,Dawn,Cobb,649.411.6476,1992-02-09,681 Natalie Stream,Laredo,TX,USA,62768,POL-000668,home,2024-12-01,2026-12-01,5691.66,540297.85,2024-12-01,410,active,True,low,low,0.021911405751695607,4,6732.01,0
f8badc20-eb32-4e65-a71f-6c4d2abf9a30,user0669@example.com,Pamela,Martin,581.281.5539x2588,2004-02-15,67160 John Inlet,Minneapolis,MN,USA,10026,POL-000669,auto,2024-04-13,2026-04-13,4474.64,206230.62,2024-04-13,642,active,True,high,high,0.3675887918712831,25,60119.6,8
efae1075-1e81-4a8d-b28d-1441a49a6303,user0670@example.com,Thomas,Meyer,(302)287-4907x2648,1969-09-02,91678 Glenn Pass,Henderson,NV,USA,88214,POL-000670,auto,2025-08-09,2027-08-09,3702.48,272173.3,2025-08-09,159,active,True,high,high,0.29203246104858566,21,45053.22,4
1db7bb90-a654-426d-bd8a-703d07d6805b,user0671@example.com,Chelsea,Walker,+1-885-793-0822x7814,1964-07-14,69823 Brad Expressway Suite 861,Sacramento,CA,USA,89514,POL-000671,home,2022-04-03,2024-04-02,2469.57,337469.97,2022-04-03,1383,active,True,medium,medium,0.19211199529833867,20,21632.14,5
0cda2958-5969-443c-80da-24d8146662a5,user0672@example.com,Ryan,Preston,001-323-606-7801x94670,1990-11-09,80447 Victoria Way,St. Louis,MO,USA,21270,POL-000672,health,2021-06-19,2023-06-19,14289.17,470407.39,2021-06-19,1671,active,True,medium,medium,0.12269202657080452,13,45966.19,2
669e0d3e-2acc-40df-b3e6-514394c620d5,user0673@example.com,Anna,Todd,(548)974-8562,1981-08-15,173 Lauren Mount Suite 063,Dallas,TX,USA,80614,POL-000673,home,2021-03-22,2022-03-22,6965.64,724203.64,2021-03-22,1760,active,True,low,low,0.021271534773671167,6,2935.7400000000002,0
46d45e1e-0b07-4409-8d42-bb4e8954a2bb,user0674@example.com,Glenda,Davidson,001-836-689-9065x741,1987-06-01,3375 Norman Wall Suite 535,Austin,TX,USA,63658,POL-000674,home,2025-06-01,2027-06-01,7464.02,716222.08,2025-06-01,228,active,True,low,low,0.061378144514907265,8,21401.82,3
c49b1108-938f-43ce-895b-9d2f241337e6,user0675@example.com,Jennifer,Small,(592)994-5836x188,1966-12-15,96042 Adams Avenue,Laredo,TX,USA,24410,POL-000675,home,2023-04-20,2025-04-19,4637.82,446552.94,2023-04-20,1001,active,True,low,low,0.03502660410521622,6,4600.28,0
63b0add3-64b9-4060-87c9-c680edf64492,user0676@example.com,Melanie,Crawford,3218782959,1994-01-23,76329 Smith Village,Fort Worth,TX,USA,67076,POL-000676,auto,2022-10-17,2024-10-16,756.3,74137.62,2022-10-17,1186,active,True,low,low,0.04537136471401169,6,14611.04,0
62b848ce-45ba-4fcc-8d1f-47ffb85e8ea2,user0677@example.com,Jessica,Johnson,874.712.6980,1968-07-17,86199 Hardin Alley,Henderson,NV,USA,65516,POL-000677,home,2025-12-31,2026-12-31,3561.29,607987.13,2025-12-31,15,active,True,low,low,0.04765524637517958,6,1763.02,0
112cc5d9-236d-4e3c-ba60-fd3091e5ee87,user0678@example.com,Julie,Clark,713.629.4027,1960-07-28,65755 Wells Pike,Atlanta,GA,USA,50049,POL-000678,health,2025-04-11,2027-04-11,10998.15,320355.6,2025-04-11,279,active,True,high,high,0.3396894140229745,25,159102.69,10
f0dd5b88-f5f9-42cf-97b5-80eda8dd683b,user0679@example.com,Eddie,Jones,5706560557,1956-10-03,06616 Donna Fields Apt. 766,Lexington,KY,USA,03233,POL-000679,home,2022-02-05,2024-02-05,9504.22,777186.59,2022-02-05,1440,active,True,high,high,0.34668447319477336,16,25590.66,8
c8db104d-ee24-4d05-ba64-b66455a4ccc0,user0680@example.com,Franklin,Carter,(969)779-1814x336,1976-08-11,6068 Joseph Falls Suite 053,Louisville,KY,USA,31364,POL-000680,home,2025-01-22,2026-01-22,8393.15,710724.43,2025-01-22,358,active,True,low,low,0.0738345995114985,10,13922.18,2
b3fa2bac-2fa9-41eb-a4ae-2453bc4b1ed1,user0681@example.com,Amy,Hess,299-669-6608x1875,1956-04-20,63487 Cook Dam,Charlotte,NC,USA,97904,POL-000681,health,2025-05-23,2026-05-23,12877.75,552071.55,2025-05-23,237,active,True,high,high,0.3558070839471126,20,79936.48,8
9e53cb42-51df-433a-b3d3-fa8fbc2cce05,user0682@example.com,Rebecca,Hobbs,390.422.9309x443,1954-12-15,5579 Samantha Mountains,Los Angeles,CA,USA,24819,POL-000682,auto,2022-12-27,2023-12-27,6187.18,268780.51,2022-12-27,1115,active,True,low,low,0.05785822669220349,5,7871.6900000000005,0
b753f8dc-2d45-4520-9e38-3ef9fcb6dd6c,user0683@example.com,Paul,Christian,001-387-723-0636x57837,1956-05-15,1367 Webb Light,San Diego,CA,USA,64282,POL-000683,home,2022-10-01,2023-10-01,3953.42,449440.55,2022-10-01,1202,active,True,medium,medium,0.15062354465162803,5,12438.86,0
8b3d6284-b449-4f59-99de-74922e716c55,user0684@example.com,Linda,Douglas,+1-932-724-9673x7196,1969-02-01,120 Cook Skyway Apt. 289,Madison,WI,USA,90645,POL-000684,home,2024-01-25,2025-01-24,4561.09,781214.87,2024-01-25,721,active,True,medium,medium,0.14776376207630215,12,17126.899999999998,1
4ca4895c-ba79-4c39-8dcd-e71ccf828a87,user0685@example.com,Kenneth,Castro,001-982-669-7694x1366,1994-07-01,996 April Neck Suite 391,Seattle,WA,USA,39431,POL-000685,auto,2022-06-05,2024-06-04,2083.2,118427.48,2022-06-05,1320,active,True,low,low,0.04018463283099616,7,10348.8,2
5b498bf8-7aa6-4ee7-9d1d-a37dd333ef93,user0686@example.com,Heather,Morris,6944904447,1976-08-09,54452 Castro Circles Apt. 954,Los Angeles,CA,USA,60802,POL-000686,auto,2021-08-25,2023-08-25,2728.68,237515.33,2021-08-25,1604,active,True,low,low,0.07034295008476144,3,12237.369999999999,0
5f290403-b872-4331-9bc5-d9c8a9abafe8,user0687@example.com,Frank,Alvarez,8752193914,1963-11-30,035 Mills Rapid,Lincoln,NE,USA,80364,POL-000687,life,2025-03-04,2027-03-04,30264.95,1606715.5,2025-03-04,317,active,True,low,low,0.05997620821525086,7,1933.1999999999998,1
6d14b161-f0f2-4b85-91d2-731da30025c2,user0688@example.com,Erica,Smith,+1-558-477-7075x0139,2007-03-05,9746 Christopher Neck Suite 186,San Francisco,CA,USA,24263,POL-000688,auto,2024-06-25,2025-06-25,1452.52,103265.14,2024-06-25,569,active,True,high,high,0.2956369467229877,22,51443.12,7
1c208192-9a26-424d-9168-11f213315b2b,user0689@example.com,Jessica,Navarro,461.863.3863x81303,1957-07-27,0946 Diaz Views Suite 977,Detroit,MI,USA,04474,POL-000689,life,2023-01-25,2025-01-24,5177.17,268031.42,2023-01-25,1086,active,True,medium,medium,0.19370583736774508,10,9313.039999999999,2
8a3a56ee-202f-43ea-8232-f2c6f7c1365d,user0690@example.com,Jeffrey,Phillips,849.454.1217,1952-11-05,28934 Amanda Burg,New Orleans,LA,USA,88857,POL-000690,health,2024-12-04,2025-12-04,23143.13,650418.89,2024-12-04,407,active,True,low,low,0.06314200032739326,9,39576.04,1
1cd99459-57bb-4df7-9c7b-47b81fe2d00f,user0691@example.com,Mackenzie,Kelly,(350)445-6869x6900,2000-11-16,52404 Sarah Route,Stockton,CA,USA,60292,POL-000691,home,2023-12-25,2025-12-24,2529.08,229139.99,2023-12-25,752,active,True,low,low,0.06802465174962069,2,840.11,1
1358ea16-b739-4375-adf0-fd75591489bd,user0692@example.com,Hannah,Neal,(576)586-1277,1963-02-27,9420 Andrea Glens Suite 766,San Diego,CA,USA,11507,POL-000692,home,2022-09-03,2023-09-03,7578.67,649296.48,2022-09-03,1230,active,True,high,high,0.39871475373371323,13,24766.539999999997,7
018ee025-60b2-4b00-8b60-0c703ea39b2c,user0693@example.com,Margaret,Barnett,(395)606-4103,1953-09-10,26523 Walters Meadow Suite 546,Austin,TX,USA,98512,POL-000693,life,2023-02-09,2024-02-09,8062.2,1368776.73,2023-02-09,1071,active,True,low,low,0.05945409834707674,4,3016.33,0
dee981d5-74be-4bb1-b82e-5462afe4f2bc,user0694@example.com,Loretta,Mcbride,284.367.2644,2000-08-27,891 Frazier Views,Memphis,TN,USA,44271,POL-000694,auto,2021-05-10,2023-05-10,5548.05,255227.41,2021-05-10,1711,active,True,low,low,0.05265092925387804,9,24893.44,2
6833aff6-5551-4fab-9436-b3b8dc3ad927,user0695@example.com,Matthew,Ochoa,625-962-8607x813,1996-02-26,40749 Wesley Street,Los Angeles,CA,USA,42089,POL-000695,health,2025-12-12,2026-12-12,21120.0,825473.95,2025-12-12,34,active,True,low,low,0.0420791046312072,4,5428.76,0
213f9df5-e1f6-4736-b600-001e0ff331b5,user0696@example.com,Holly,Nichols,(440)255-4651,1973-04-29,611 Wise Motorway,Jacksonville,FL,USA,29143,POL-000696,life,2021-02-16,2023-02-16,10202.26,547805.52,2021-02-16,1794,active,True,medium,medium,0.14475852633558936,12,9847.55,2
e93d0a14-e231-44c8-aff8-006399293a6a,user0697@example.com,Eric,Allen,6316584643,2001-10-10,054 Bruce Expressway,Fresno,CA,USA,96359,POL-000697,life,2024-03-26,2026-03-26,3154.95,201734.84,2024-03-26,660,active,True,low,low,0.051926668030220224,6,3866.01,0
6dc330a6-b563-404f-be83-dcf3a4706af2,user0698@example.com,Daniel,Kelly,2782730539,1963-12-14,329 Nichole Divide Apt. 555,Columbus,OH,USA,93150,POL-000698,health,2024-10-22,2026-10-22,8439.03,271728.54,2024-10-22,450,active,True,low,low,0.03519472178241505,6,16081.54,0
a0a61a6c-d72c-48e8-a81c-88d5a7c79175,user0699@example.com,Sarah,Haney,(584)597-5657,1984-07-04,10951 Gill Plaza Suite 828,Charlotte,NC,USA,02483,POL-000699,auto,2022-10-08,2024-10-07,1792.58,110577.65,2022-10-08,1195,active,True,low,low,0.03396381451220321,8,19637.51,0
d1c5a098-48aa-4120-bf20-c33f2ff69700,user0700@example.com,Ariel,Olson,001-783-697-8301x8986,1973-06-25,4562 Shelton Lane,Lexington,KY,USA,84430,POL-000700,health,2024-06-06,2026-06-06,13546.45,621965.78,2024-06-06,588,active,True,high,high,0.35409881625839135,23,179952.04,6
9ebdcad7-3b32-466a-8541-d7adf72fca4f,user0701@example.com,Paula,Barr,218.487.5875x098,1952-01-17,204 Mcguire Prairie Apt. 743,Mesa,AZ,USA,76655,POL-000701,auto,2023-05-18,2025-05-17,2353.59,154262.18,2023-05-18,973,active,True,medium,medium,0.18870511317398855,17,24633.07,3
d32777d2-a203-43e6-a574-d91ddd08f9bb,user0702@example.com,Raymond,Green,+1-647-673-9202,1997-11-14,73197 Regina Shoal Apt. 112,Atlanta,GA,USA,08093,POL-000702,auto,2021-02-21,2023-02-21,5332.91,226198.96,2021-02-21,1789,active,True,low,low,0.046076459232035204,8,25669.22,0
3346db36-80d5-49de-b967-e0b70c9d7d89,user0703@example.com,Katherine,Freeman,(891)869-4261,1988-06-13,1079 Michael Mills Suite 652,Columbus,OH,USA,92383,POL-000703,home,2024-10-27,2026-10-27,5311.41,492559.06,2024-10-27,445,active,True,high,high,0.35338446045444283,24,85388.76000000001,10
57445e97-21f8-48af-a384-fc447f356854,user0704@example.com,Amy,Rodriguez,+1-230-201-6183x21529,1998-09-15,1664 Stacy Plaza Suite 042,Mesa,AZ,USA,73405,POL-000704,auto,2024-07-28,2026-07-28,4070.23,205656.51,2024-07-28,536,active,True,low,low,0.06616374661044813,3,1931.1399999999999,0
52af0c5c-3c04-4ed3-b6b4-ffa54b87752c,user0705@example.com,Joe,Sanders,(232)846-4471,1952-11-02,67377 Charles Crossing Apt. 007,Columbus,OH,USA,21595,POL-000705,home,2025-04-28,2027-04-28,2996.16,234543.12,2025-04-28,262,active,True,medium,medium,0.1506464225066548,13,39806.64,2
a612908c-a326-44be-b272-89466c19f830,user0706@example.com,Anthony,Guerrero,798.701.1705x6476,1976-05-27,9033 Fuller Ways Suite 947,Tucson,AZ,USA,79564,POL-000706,auto,2025-01-25,2027-01-25,2976.88,134571.4,2025-01-25,355,active,True,low,low,0.027470315261941537,6,10817.96,0
be8d076b-b4b0-41ab-a43e-18d9da7a80d0,user0707@example.com,Martha,Smith,001-899-793-7848,1959-06-13,045 James Wells,Baltimore,MD,USA,28292,POL-000707,home,2025-12-03,2027-12-03,7933.18,798508.25,2025-12-03,43,active,True,low,low,0.030703895115714863,5,18431.129999999997,0
b710d2fa-c207-4b81-8638-7bf034ed6d18,user0708@example.com,Cheryl,Stephens,7706002675,1975-12-12,964 Stacy Fords,New Orleans,LA,USA,69838,POL-000708,health,2021-02-28,2022-02-28,27660.54,809723.59,2021-02-28,1782,active,True,medium,medium,0.14033742632533505,15,162618.31,2
20e96fb7-1e30-4b08-8bdc-a56fac25e64d,user0709@example.com,Christopher,Ruiz,(430)835-8217,2005-07-10,80480 Gilmore Common,Albuquerque,NM,USA,14566,POL-000709,auto,2021-09-25,2022-09-25,2035.12,82613.91,2021-09-25,1573,active,True,high,high,0.3802485945475552,17,51748.43,7
a967c301-647f-4cf3-8a53-79a47a36dce3,user0710@example.com,Michael,Smith,830-365-7721x1271,1950-01-31,766 Roberta Crossroad,San Jose,CA,USA,11674,POL-000710,home,2021-11-13,2022-11-13,6145.07,587841.04,2021-11-13,1524,active,True,high,high,0.2576809523785494,17,35832.68,5
28fbf2c5-47e2-479c-ace1-6bf683272c10,user0711@example.com,Sarah,Webb,+1-871-610-7068x6864,1955-11-21,59468 Lee Mountain Suite 252,Arlington,TX,USA,42117,POL-000711,home,2022-09-15,2023-09-15,4974.77,501583.88,2022-09-15,1218,active,True,low,low,0.03030734656866601,5,5048.95,0
46ae42b7-7512-4056-b745-07c508abb52e,user0712@example.com,Sara,Ryan,001-277-539-5166,1992-02-05,701 Rhodes Brook,Miami,FL,USA,81114,POL-000712,auto,2023-05-02,2024-05-01,3605.94,293244.35,2023-05-02,989,active,True,low,low,0.03615622545831246,6,15329.84,0
0de3b289-b55d-43ff-a250-43ec30ae6c5a,user0713@example.com,Deborah,Brown,915.919.9632x304,1958-10-17,15953 Linda Parkways Suite 162,Henderson,NV,USA,99691,POL-000713,auto,2022-10-20,2024-10-19,5410.31,248429.36,2022-10-20,1183,active,True,medium,medium,0.13898541633631128,15,32038.329999999998,3
009e92e9-eeb2-4b5b-b9c3-8dadef00df48,user0714@example.com,Lisa,Vega,001-206-728-8156x60309,2004-08-26,3493 Wright Mews,Minneapolis,MN,USA,69634,POL-000714,health,2025-12-23,2027-12-23,15757.69,728017.33,2025-12-23,23,active,True,high,high,0.31273961213538637,19,131599.51,8
d81544e0-15d5-41d5-bbd3-ca972cf33c29,user0715@example.com,Wendy,Boyd,493.347.2441x676,1996-06-24,430 Mitchell Hollow Apt. 932,Mesa,AZ,USA,51729,POL-000715,home,2021-05-05,2022-05-05,4638.4,560615.53,2021-05-05,1716,active,True,low,low,0.06685668913702923,8,6788.26,1
f6bc31fa-0865-4137-a209-0152b27b279b,user0716@example.com,Jessica,Mills,2926951628,1970-04-01,2773 Curtis Ferry,Las Vegas,NV,USA,44753,POL-000716,health,2023-09-05,2025-09-04,7101.68,193218.91,2023-09-05,863,active,True,low,low,0.029165025900056995,5,13303.58,0
7e7ff500-94ac-43e2-a88e-7efbb3020e85,user0717@example.com,David,Mack,+1-976-663-4041,1965-03-11,5224 Kirk Locks Suite 169,Virginia Beach,VA,USA,23829,POL-000717,home,2023-08-23,2025-08-22,6428.47,744734.36,2023-08-23,876,active,True,medium,medium,0.1429721810750103,14,34041.0,1
184eee79-43d7-4b5a-97b0-84e16299ae7a,user0718@example.com,Nathan,Murray,752.284.5470,1986-04-29,4580 Perry Inlet Suite 841,Fresno,CA,USA,30102,POL-000718,auto,2021-05-15,2023-05-15,4780.05,223435.32,2021-05-15,1706,active,True,low,low,0.07117903814180819,7,16395.55,0
00f987dc-d1b2-4291-9fa1-e6843e2523cb,user0719@example.com,John,White,(407)683-3594x82245,1997-12-14,0353 Rodriguez Manors,Nashville,TN,USA,92273,POL-000719,health,2023-10-07,2025-10-06,15255.82,454832.41,2023-10-07,831,active,True,low,low,0.04855890142095322,7,34550.83,0
5d4c89d2-1d50-472c-bcac-9e95d8693951,user0720@example.com,Larry,Rodriguez,411-591-0147x391,2004-08-05,448 Emily Dale Suite 712,Fresno,CA,USA,58492,POL-000720,life,2025-03-09,2027-03-09,31272.57,1686442.14,2025-03-09,312,active,True,medium,medium,0.185153535777174,10,3640.7,1
89a8e73e-fa0f-45b1-927e-cbcbbe06c604,user0721@example.com,Heidi,Rocha,(685)239-0917x4479,2002-12-10,308 Garrett Roads,Columbus,OH,USA,06363,POL-000721,auto,2025-12-07,2026-12-07,983.35,55059.06,2025-12-07,39,active,True,low,low,0.050303468016224526,5,24732.41,0
f21ec205-b4cf-4161-8281-c1dbdc135ba8,user0722@example.com,Jose,Davis,+1-765-484-0293x764,1997-09-06,728 Sarah Freeway Suite 562,Tucson,AZ,USA,54771,POL-000722,life,2025-05-07,2027-05-07,4289.71,407254.28,2025-05-07,253,active,True,high,high,0.3135934269194893,18,13236.58,3
d5a3f283-10d7-4bfb-bb90-fc46121df53e,user0723@example.com,Alexander,Smith,001-580-218-8800,1950-01-24,8286 Soto Turnpike,Seattle,WA,USA,95470,POL-000723,home,2021-04-03,2023-04-03,7350.38,543259.89,2021-04-03,1748,active,True,medium,medium,0.1844742522732287,9,13953.59,1
5418710b-14e2-4645-b7cb-99908fd66008,user0724@example.com,Courtney,Williams,001-930-871-0816x92239,2004-10-31,15415 Theresa Points Apt. 702,Henderson,NV,USA,60052,POL-000724,home,2024-04-25,2025-04-25,2072.41,376789.34,2024-04-25,630,active,True,medium,medium,0.15897996482763607,14,45939.560000000005,3
782b9814-217a-418f-b7b1-afe730c0f74a,user0725@example.com,Christine,Jackson,001-494-828-6358x349,1961-08-26,495 Lynch Center Apt. 335,Plano,TX,USA,48111,POL-000725,health,2024-09-15,2026-09-15,19730.83,792536.85,2024-09-15,487,active,True,low,low,0.022966846200760838,10,28090.059999999998,1
df142f9d-56be-468d-81fd-2ac8a6398cc2,user0726@example.com,William,Gibson,(883)346-3891,1988-06-20,5875 Andrew Roads,Henderson,NV,USA,20107,POL-000726,life,2025-04-13,2026-04-13,12702.08,1292477.76,2025-04-13,277,active,True,low,low,0.034788674574604175,2,780.23,0
f3ca2b33-fc5e-4123-8210-a842ee9f9674,user0727@example.com,Christopher,Ball,+1-909-341-6795x202,1965-12-24,118 Thomas Estates Suite 584,Las Vegas,NV,USA,70760,POL-000727,auto,2023-12-21,2025-12-20,2537.65,203041.56,2023-12-21,756,active,True,low,low,0.05171779025219715,6,18609.91,0
37c817f8-185a-436e-98c6-df374e3f9c92,user0728@example.com,Joseph,Scott,2929628865,1988-02-18,80570 Ashley Parks,Portland,OR,USA,37885,POL-000728,auto,2024-09-23,2025-09-23,616.58,59313.47,2024-09-23,479,active,True,low,low,0.06434748002819277,10,22002.57,0
f68cbcc6-3e59-4f4c-a3ca-428dd15fbfbf,user0729@example.com,Tamara,Sandoval,875-229-2555x68084,1950-02-14,812 Omar Drives Suite 249,Madison,WI,USA,85110,POL-000729,home,2025-05-10,2026-05-10,4778.77,471798.86,2025-05-10,250,active,True,medium,medium,0.17704251651000832,6,10524.480000000001,0
becbb586-120a-49cc-9de8-46082c55fd99,user0730@example.com,Justin,Webb,4026519067,1990-04-25,95772 Patel Oval Suite 763,New York,NY,USA,07626,POL-000730,home,2025-12-10,2026-12-10,3734.02,396186.57,2025-12-10,36,active,True,low,low,0.058816802500238324,7,15574.56,0
2b9f778c-2af8-4a69-9309-3e2cc64dc525,user0731@example.com,Amanda,Cook,(589)609-1006,1987-03-19,180 Preston Dale Apt. 223,Philadelphia,PA,USA,02520,POL-000731,home,2025-10-03,2026-10-03,7764.76,643877.82,2025-10-03,104,active,True,medium,medium,0.16273519134468956,11,19171.11,3
9879d790-ecd5-42b2-bb0d-06f247b2d7dc,user0732@example.com,Miranda,Woods,(773)736-8287x657,1970-03-02,685 Mcdowell Lake Apt. 664,Jacksonville,FL,USA,66163,POL-000732,home,2022-08-14,2023-08-14,5659.49,447657.84,2022-08-14,1250,active,True,high,high,0.3373830755562991,20,46792.62,7
6691a97e-9ce3-43ed-bb7b-7c6c5e3fbb4a,user0733@example.com,Gary,Morales,571.530.0025x54645,1966-08-11,94844 Smith Viaduct Apt. 450,Henderson,NV,USA,43615,POL-000733,auto,2023-06-03,2024-06-02,5069.63,237099.09,2023-06-03,957,active,True,high,high,0.3929666627922896,25,38280.41,10
eec91544-524c-40d0-8e00-934c12f8f0fd,user0734@example.com,Paul,Hubbard,906.795.1181x9613,1988-01-10,9422 Elizabeth Gateway Apt. 419,Kansas City,MO,USA,88022,POL-000734,home,2024-05-14,2026-05-14,2351.71,398379.77,2024-05-14,611,active,True,low,low,0.05375924718027855,12,52080.09,1
6376fa76-ea6d-445b-a799-cedea3d98cdb,user0735@example.com,Melanie,Zamora,001-611-280-1677x4360,2000-04-08,271 Walker Mall Suite 749,Chicago,IL,USA,27435,POL-000735,home,2024-02-10,2025-02-09,8145.71,642771.87,2024-02-10,705,active,True,low,low,0.07432239129574564,6,14178.32,0
4176c53b-7a7d-4c20-b6f3-9163201f722e,user0736@example.com,Kevin,Castillo,001-988-893-8616x187,1967-11-08,084 Christopher River Suite 521,Henderson,NV,USA,91497,POL-000736,health,2025-11-18,2026-11-18,8505.69,366851.41,2025-11-18,58,active,True,high,high,0.315308409419202,25,105472.49,6
26d4eee5-cd2e-4e17-95b1-c89be120f8b9,user0737@example.com,Anne,Johnson,9536126055,1953-08-22,9587 Berry Landing Apt. 268,Fresno,CA,USA,12358,POL-000737,home,2023-04-10,2024-04-09,6564.21,649992.19,2023-04-10,1011,active,True,low,low,0.026289358456445932,6,10666.48,0
b62bba33-8549-47fb-8092-2de0a16369c6,user0738@example.com,Tyler,Allen,518.635.9412,1969-01-18,25802 Bailey Villages,Mesa,AZ,USA,66029,POL-000738,life,2022-03-04,2024-03-03,6275.83,323934.21,2022-03-04,1413,active,True,low,low,0.02546070841295102,9,6764.37,0
3d1e6f47-6e67-43cd-b5b6-5c4f9afc1808,user0739@example.com,Craig,Reyes,(874)535-1492,1957-10-19,31740 Alicia Club,San Francisco,CA,USA,06329,POL-000739,health,2021-06-04,2023-06-04,24817.14,865268.86,2021-06-04,1686,active,True,low,low,0.07571132450254578,6,43929.09,1
de67dee8-9601-44ae-81a6-7cf16bbd8b23,user0740@example.com,Aaron,Welch,563.744.3346x0263,1973-02-15,629 Johnson Extension,Corpus Christi,TX,USA,43856,POL-000740,health,2025-11-06,2026-11-06,9943.57,367120.18,2025-11-06,70,active,True,medium,medium,0.19247615353557157,11,48310.74,1
c259f5c7-b601-4bf2-82f4-39b4258b0848,user0741@example.com,Michael,Bowen,743-251-7236,1965-04-22,526 Cynthia Terrace Apt. 354,San Antonio,TX,USA,86371,POL-000741,life,2021-10-16,2023-10-16,5935.82,342006.87,2021-10-16,1552,active,True,high,high,0.31147577171643914,23,14867.880000000001,5
d3a63fe4-d98c-4734-b6f8-2da087b14977,user0742@example.com,Natalie,Scott,453-906-1139x00458,1971-02-20,40870 Barnes Underpass,Mesa,AZ,USA,87615,POL-000742,home,2023-05-23,2024-05-22,4255.49,517864.95,2023-05-23,968,active,True,low,low,0.02450132533357509,5,7600.79,0
3c94b298-fcf3-4f32-b8f6-4a25ddeb31af,user0743@example.com,Matthew,Dodson,(938)659-8182x8439,1980-10-08,800 Moran Overpass Apt. 380,Dallas,TX,USA,60905,POL-000743,auto,2022-03-01,2024-02-29,4734.32,244192.07,2022-03-01,1416,active,True,medium,medium,0.1527315030334098,10,14673.699999999999,3
9e02d85b-9420-4a63-b53c-3ea9e3344b22,user0744@example.com,Jessica,Martinez,+1-760-294-0447x5017,1969-05-12,5899 Debbie Islands Suite 972,San Diego,CA,USA,21971,POL-000744,auto,2024-02-26,2025-02-25,1938.77,95968.31,2024-02-26,689,active,True,low,low,0.023402279082202798,10,21255.21,0
d4a0d175-7af5-4834-850a-78b9e2907f92,user0745@example.com,Keith,Williams,800.963.1910,1998-08-25,363 Vargas Track,Plano,TX,USA,88536,POL-000745,life,2022-01-17,2023-01-17,7285.53,737527.79,2022-01-17,1459,active,True,low,low,0.07540308007944342,8,6835.68,0
502f6009-f168-406a-9c63-b649045ebada,user0746@example.com,Christopher,Turner,001-820-328-6122x328,1965-09-03,454 Dustin Street,Seattle,WA,USA,78439,POL-000746,auto,2025-01-08,2026-01-08,2530.82,126586.14,2025-01-08,372,active,True,high,high,0.3836285446791458,14,16249.74,3
2170e7ef-2cff-4a7a-bbd8-d112b00166de,user0747@example.com,Justin,Johnson,420.400.1327,1965-05-24,0979 Jennifer Fort,Henderson,NV,USA,44495,POL-000747,home,2021-10-26,2023-10-26,6106.44,680604.95,2021-10-26,1542,active,True,high,high,0.281827057385031,18,55946.69,8
29e2c2db-0a9c-43ba-9365-f0a350cbd50a,user0748@example.com,Evan,Morris,(217)962-9484x6764,1976-08-16,61408 Aaron Mountain Apt. 906,Denver,CO,USA,32742,POL-000748,home,2022-03-10,2023-03-10,1243.33,203897.01,2022-03-10,1407,active,True,high,high,0.3359541940347583,14,35425.55,2
07d08285-61a1-416e-b877-e3b4a23569fb,user0749@example.com,John,Brown,431.656.7261x7362,1968-09-02,773 Hayley Fields Apt. 146,Madison,WI,USA,22282,POL-000749,auto,2025-07-08,2027-07-08,2476.44,228587.07,2025-07-08,191,active,True,low,low,0.04932387613863724,6,21845.46,0
4bbd206f-1444-4977-8323-8161908be586,user0750@example.com,Gabriel,Frey,833.481.3852x23590,1978-03-10,401 Evans Extension,New Orleans,LA,USA,41329,POL-000750,home,2024-01-03,2026-01-02,4524.46,382620.67,2024-01-03,743,active,True,medium,medium,0.1878055238481996,6,5831.18,1
ea448a0b-81f1-4fe1-bcfe-10960c348477,user0751@example.com,Ethan,Garza,(545)767-0893,1952-01-18,93374 Michael Flat Suite 833,San Diego,CA,USA,94306,POL-000751,health,2022-09-23,2023-09-23,10656.95,338989.77,2022-09-23,1210,active,True,medium,medium,0.19154423146549188,10,28951.25,1
9b170d02-67fa-436c-9f03-0b4696adb89f,user0752@example.com,William,Harding,(991)790-5309x458,1983-02-13,257 Jeffrey Streets,Cincinnati,OH,USA,92007,POL-000752,auto,2023-08-25,2024-08-24,1601.9,68539.78,2023-08-25,874,active,True,high,high,0.3771521796943325,16,36179.32,12
8ccc9bb0-968c-4300-8e0c-ded8cde2ef17,user0753@example.com,Alexis,Olson,+1-861-986-9484,1966-07-30,91483 Finley Light Suite 086,Kansas City,MO,USA,75392,POL-000753,life,2024-06-10,2025-06-10,29524.13,1671203.15,2024-06-10,584,active,True,medium,medium,0.16553132563634146,17,15924.39,3
96a1e7e2-7fd4-48fd-9787-4420f2f49fa0,user0754@example.com,Mary,Ellis,+1-602-352-5411x05562,1958-04-28,6809 Herring Streets Suite 964,Detroit,MI,USA,63923,POL-000754,home,2021-09-20,2023-09-20,4950.94,523291.62,2021-09-20,1578,active,True,high,high,0.3347227470940296,18,50315.94,9
9a4887d0-f647-43a1-a251-a6bc1d003653,user0755@example.com,James,Underwood,(545)432-0654,2006-10-12,3403 Jones Drive,Stockton,CA,USA,93727,POL-000755,health,2021-03-19,2023-03-19,15887.99,499954.44,2021-03-19,1763,active,True,low,low,0.028351268165479223,8,14059.94,1
61ace9f1-605f-42d1-8051-0a77faf484ce,user0756@example.com,Laura,Williams,356-483-0953,1959-07-11,64974 Dunn Circle Suite 764,Baltimore,MD,USA,37438,POL-000756,health,2022-05-15,2023-05-15,7226.1,189275.08,2022-05-15,1341,active,True,low,low,0.03290135416137108,8,44511.03,0
bae55d5b-12e9-403b-84be-022fe3c1e877,user0757@example.com,Robert,Mayer,207.307.8101,1957-11-18,056 Dunlap Cove Apt. 874,Virginia Beach,VA,USA,94408,POL-000757,auto,2021-11-08,2023-11-08,5618.38,242951.37,2021-11-08,1529,active,True,low,low,0.056849762156971934,8,7755.74,0
2ec1c636-6719-42dc-ba3b-3cfcd5e1e3d9,user0758@example.com,Andrew,Ramirez,001-410-207-2314,1966-06-19,64041 Charles Mount,Indianapolis,IN,USA,05757,POL-000758,home,2023-12-20,2025-12-19,5774.09,772607.57,2023-12-20,757,active,True,low,low,0.06389875423519328,4,2028.54,1
c4a4091a-f7a4-46d2-b89b-562d60effe45,user0759@example.com,Joshua,Faulkner,905-750-3158,1952-04-17,67514 Joseph Forks Suite 156,Laredo,TX,USA,03256,POL-000759,home,2024-05-23,2026-05-23,3152.23,242724.03,2024-05-23,602,active,True,low,low,0.034598115678978025,6,9290.9,0
3add88b5-0a9d-4dfe-ae63-2ec962207f9d,user0760@example.com,David,Ball,370.321.5386x115,1954-08-21,71435 Jose Camp Suite 165,Jacksonville,FL,USA,01866,POL-000760,life,2023-11-14,2025-11-13,8513.66,466728.47,2023-11-14,793,active,True,low,low,0.06856839257692607,11,5970.18,1
f09b0bfe-79e0-4e2d-99a3-7e50923d0c24,user0761@example.com,Stephanie,Marks,(355)431-0737,1958-06-26,50845 Kevin Brooks Suite 096,New York,NY,USA,88876,POL-000761,health,2024-03-12,2025-03-12,10271.78,433639.59,2024-03-12,674,active,True,low,low,0.04658455597600693,8,15098.43,0
c01981d0-b295-401e-a4fb-fe0efd27ea97,user0762@example.com,Louis,Landry,360.310.9993,2004-10-13,09981 Mary Wall Suite 192,St. Louis,MO,USA,87239,POL-000762,auto,2024-01-01,2025-12-31,3827.08,197302.93,2024-01-01,745,active,True,high,high,0.33071193143110816,17,35197.9,6
35fc6121-e761-4ac6-a301-2872e6580d35,user0763@example.com,Laura,Lopez,274.415.9492x54345,1973-07-16,273 Garrett Walk Suite 648,Detroit,MI,USA,08699,POL-000763,home,2024-07-16,2026-07-16,5362.17,372327.54,2024-07-16,548,active,True,low,low,0.06572429920638354,8,26057.49,0
c73b88f4-fcfd-45bc-a12a-d86e5f30a89f,user0764@example.com,Benjamin,Jones,001-529-827-2430x67779,1976-06-16,70824 Wesley Turnpike,Columbus,OH,USA,29741,POL-000764,auto,2025-06-06,2027-06-06,1005.1,98855.65,2025-06-06,223,active,True,low,low,0.034539543814779285,7,12965.82,0
c545f7bd-838c-4da1-9200-1d5472094cdb,user0765@example.com,Christopher,Neal,431.557.9208,1995-12-11,62017 Brittany Islands Apt. 266,Memphis,TN,USA,08096,POL-000765,home,2024-03-14,2025-03-14,8746.56,732690.87,2024-03-14,672,active,True,low,low,0.04367774419436192,8,7719.2300000000005,1
e8be4e77-c55c-498c-bfd4-9a5154b10955,user0766@example.com,Anna,Boyer,001-261-410-8403,1988-03-21,7360 Perez Unions Apt. 399,Portland,OR,USA,85458,POL-000766,auto,2025-06-11,2026-06-11,3223.89,208500.19,2025-06-11,218,active,True,low,low,0.07114192095572262,5,10844.65,0
2537b716-bdaf-415c-a878-49dc6edd7ff6,user0767@example.com,Bradley,Myers,(276)505-5080x0509,1952-07-14,0980 Terrell Land,Indianapolis,IN,USA,57003,POL-000767,health,2025-11-20,2026-11-20,19040.67,533884.17,2025-11-20,56,active,True,medium,medium,0.1316088588385284,10,29823.059999999998,1
2295affd-0f83-4263-80ef-847f0b629900,user0768@example.com,Larry,Miller,001-241-724-3616,1950-10-14,990 Ross Prairie,Atlanta,GA,USA,15921,POL-000768,home,2025-09-04,2026-09-04,2838.39,226686.31,2025-09-04,133,active,True,low,low,0.02474775736848102,5,9764.52,0
aed1e36e-e450-4cf1-aef5-775517e4a49f,user0769@example.com,William,Harmon,998-936-7849x0321,1966-03-24,76755 Tanya Shores,Cleveland,OH,USA,05828,POL-000769,health,2024-11-06,2026-11-06,7796.62,257229.67,2024-11-06,435,active,True,low,low,0.035689574223657164,5,17328.239999999998,0
651dd451-7b04-47f2-b2ef-2dd4152287d3,user0770@example.com,Margaret,Morgan,215.575.2295,1997-10-14,39036 Carter Meadow Suite 567,Corpus Christi,TX,USA,48633,POL-000770,health,2022-06-07,2023-06-07,12491.07,356384.09,2022-06-07,1318,active,True,low,low,0.021836329780214256,8,40228.16,0
2769cd3f-19e3-45d1-82a6-35fbb57679aa,user0771@example.com,Kelsey,Nguyen,953-247-4392,1980-02-02,78003 Fernandez Walks,Las Vegas,NV,USA,00780,POL-000771,health,2025-04-21,2026-04-21,4028.71,143079.04,2025-04-21,269,active,True,low,low,0.06230207133579996,6,27406.6,0
fe96dcd0-a92c-44f8-b5be-405af3d02ede,user0772@example.com,John,Thomas,2829341609,1970-03-12,66190 Beard Green Suite 490,Albuquerque,NM,USA,37292,POL-000772,home,2021-08-13,2022-08-13,4716.17,552537.06,2021-08-13,1616,active,True,medium,medium,0.15859611763048942,14,21789.07,3
4642ac60-11f4-40b1-84f3-8a820a83daf2,user0773@example.com,Brittany,Garner,001-261-762-2277x261,1965-08-13,60284 Kelly Isle,Charlotte,NC,USA,77142,POL-000773,health,2022-02-25,2023-02-25,3851.75,101965.69,2022-02-25,1420,active,True,low,low,0.036200122686834826,6,32357.45,0
994dc65a-6617-4da5-845a-98f740cb7ecd,user0774@example.com,Christopher,Moreno,568-386-4993x39745,1980-11-28,84876 Kristen Hollow,Baltimore,MD,USA,40302,POL-000774,auto,2021-09-30,2022-09-30,2796.13,160627.37,2021-09-30,1568,active,True,medium,medium,0.14496955722713636,14,26303.61,1
17f110dd-bdf3-4a91-b2ac-7460e76707e2,user0775@example.com,Jessica,Boone,+1-673-960-9085x75379,1972-10-17,83429 Alexander Heights,Boston,MA,USA,78310,POL-000775,auto,2022-04-24,2024-04-23,4235.58,217332.79,2022-04-24,1362,active,True,low,low,0.03393594354785152,5,11892.49,0
db009157-77cf-40be-8912-a2da7c5f8e6b,user0776@example.com,Tony,Zuniga,823-246-1512x16760,1955-03-07,5897 Janice Curve Suite 658,Chandler,AZ,USA,17644,POL-000776,health,2021-11-13,2023-11-13,14738.15,405042.6,2021-11-13,1524,active,True,low,low,0.02784189522489878,7,35512.899999999994,0
39c6e5a0-43d9-403d-8e5b-4bc2d33db0dd,user0777@example.com,Jeffery,Meyers,504-645-0398x638,1971-11-27,081 Phillips Pines Suite 029,Detroit,MI,USA,93711,POL-000777,home,2024-10-24,2025-10-24,5171.12,409221.69,2024-10-24,448,active,True,low,low,0.02581708355760288,6,7866.9,0
387f7dfd-4571-4dab-a052-2ad398c78c3d,user0778@example.com,Mark,Perez,+1-683-915-3070x79190,1979-12-28,50833 Pacheco Cliffs,Jacksonville,FL,USA,24008,POL-000778,auto,2023-01-22,2024-01-22,7081.03,285585.88,2023-01-22,1089,active,True,medium,medium,0.1270854539060064,14,40795.06,4
813b90ff-0d14-48c8-b7a5-f5a877de6e5b,user0779@example.com,Edward,Braun,001-945-641-8337x8814,1958-06-07,74382 Lori Ranch Suite 007,Sacramento,CA,USA,67133,POL-000779,health,2024-01-25,2025-01-24,20927.32,636334.13,2024-01-25,721,active,True,low,low,0.06545058936911036,5,40791.39,0
45ad8b58-9139-442c-901d-0f5f255be339,user0780@example.com,Sean,Cook,8059357603,1962-02-27,42474 Wanda Track Apt. 632,San Diego,CA,USA,81217,POL-000780,health,2023-03-06,2025-03-05,23417.89,619607.55,2023-03-06,1046,active,True,medium,medium,0.17602450831070457,10,32056.84,1
63994e3e-16cc-4be8-a45c-42a6271412a6,user0781@example.com,Robert,Brown,482-943-6485x178,1989-07-19,3061 Harrell Lock Apt. 174,San Francisco,CA,USA,11769,POL-000781,home,2022-08-13,2024-08-12,3391.2,233130.58,2022-08-13,1251,active,True,low,low,0.027714635647812708,8,9775.95,2
1ea1326c-e78b-4335-ae44-e5f754cfb75a,user0782@example.com,Kristopher,Villanueva,8094256835,1975-11-30,877 Reyes Green,Columbus,OH,USA,00520,POL-000782,auto,2024-01-06,2025-01-05,6404.75,281186.87,2024-01-06,740,active,True,low,low,0.05145547567423013,9,18501.7,0
de05e0ce-e2bd-4eeb-83e9-51e1cf7fe19d,user0783@example.com,Kenneth,Bright,001-814-751-3740x28265,1960-07-11,675 White Land,Lexington,KY,USA,33507,POL-000783,auto,2021-09-15,2022-09-15,2003.93,113857.07,2021-09-15,1583,active,True,low,low,0.07798455776740573,7,39315.34,1
d4d97327-6845-418b-a800-c28cd3d7ca09,user0784@example.com,Mallory,Smith,001-649-489-3975x95536,1960-07-19,470 Scott Green,St. Louis,MO,USA,65365,POL-000784,health,2022-09-28,2023-09-28,19574.34,527721.87,2022-09-28,1205,active,True,high,high,0.32070521652594963,15,138622.7,6
2b1e006d-19cf-4cde-8fc2-2163f167c205,user0785@example.com,Michael,Walter,001-639-501-8769x270,1979-09-14,287 Melissa Knoll Apt. 443,Lexington,KY,USA,03732,POL-000785,auto,2025-05-13,2027-05-13,1674.53,83082.64,2025-05-13,247,active,True,low,low,0.06050279733739519,9,25716.829999999998,0
ce6730df-ff66-4b9d-93fb-b7e3b649d25b,user0786@example.com,Brandy,Norris,238.654.4240x294,1990-07-29,989 Amber Mission Suite 342,Baltimore,MD,USA,64416,POL-000786,home,2021-09-11,2022-09-11,4318.34,714396.69,2021-09-11,1587,active,True,medium,medium,0.15594366567170037,9,13241.68,1
7f10b067-116c-4ca7-9e29-5bd5b4a8b855,user0787@example.com,Scott,Marshall,757-887-3781,1957-02-24,17367 Jimmy Pines Suite 314,Madison,WI,USA,03129,POL-000787,health,2021-11-12,2022-11-12,17426.87,559712.83,2021-11-12,1525,active,True,low,low,0.04467531127461974,5,23485.29,0
92c49821-17e0-4bf2-b422-8b59c5710221,user0788@example.com,Tina,Bullock,001-816-866-1624,1977-11-07,18224 Hudson Roads Apt. 247,Austin,TX,USA,53561,POL-000788,health,2024-07-12,2025-07-12,17775.35,489202.62,2024-07-12,552,active,True,low,low,0.031777232008584566,7,39276.46,1
95d74b8a-e4bf-46fb-a7c4-ef1f72dbe3d1,user0789@example.com,Pamela,Arnold,407.716.7148x957,1976-06-29,235 Carla Centers Apt. 934,San Antonio,TX,USA,99914,POL-000789,health,2024-04-19,2026-04-19,18132.26,524978.05,2024-04-19,636,active,True,medium,medium,0.19994639371944686,9,41037.61,2
60f89855-b933-4c59-9ab3-d0e924e4dd8b,user0790@example.com,Kimberly,Allen,342-747-1155x82218,1954-12-04,070 Bryant Shoal,Columbus,OH,USA,56526,POL-000790,health,2021-05-22,2023-05-22,11839.42,322857.0,2021-05-22,1699,active,True,medium,medium,0.15240817016376965,17,72450.89,5
926c5fae-2e43-4e9f-b82f-f32002c9e01e,user0791@example.com,Catherine,Serrano,531-864-5383,2001-08-22,5035 John Street,Sacramento,CA,USA,98457,POL-000791,home,2025-11-29,2027-11-29,4829.05,533504.29,2025-11-29,47,active,True,low,low,0.0326347514302966,3,4888.88,1
0ea160a7-694f-492c-8278-4665c7992c3e,user0792@example.com,Gregory,Oconnor,3126546759,1983-08-22,770 Cody Valley Suite 056,Las Vegas,NV,USA,70343,POL-000792,home,2024-08-28,2026-08-28,4195.71,340669.31,2024-08-28,505,active,True,medium,medium,0.14055182448356507,8,12536.97,2
b719d2a9-cd32-4818-a080-271051fb8eb4,user0793@example.com,David,Arnold,(501)843-5456,2000-10-10,8636 Bird Inlet,San Jose,CA,USA,94788,POL-000793,health,2024-04-29,2026-04-29,16336.44,533385.5,2024-04-29,626,active,True,medium,medium,0.1442198056376986,14,63077.7,0
0977abcd-e4a5-4b9d-aac9-0a575601d70a,user0794@example.com,Bethany,Walter,2638267392,1997-08-21,2942 Katelyn Corners,Henderson,NV,USA,81006,POL-000794,life,2022-08-02,2024-08-01,24342.04,1620685.24,2022-08-02,1262,active,True,low,low,0.052291662301064176,6,3949.46,1
92f937c4-f373-48b9-984e-e941c8fc3ae1,user0795@example.com,Joseph,Baker,550.969.7820,1957-10-31,20382 Briana View,Austin,TX,USA,78595,POL-000795,auto,2025-03-08,2026-03-08,1776.08,90093.56,2025-03-08,313,active,True,low,low,0.07576554470159085,8,19111.07,2
8da9309b-f488-43d1-8e01-511f8a62fe1a,user0796@example.com,Sabrina,Garcia,2598547616,1979-10-14,40054 Meyer Common,Arlington,TX,USA,92348,POL-000796,health,2025-06-09,2027-06-09,10668.41,282215.97,2025-06-09,220,active,True,low,low,0.07154277978239937,8,60994.159999999996,0
c27d683d-6664-42fb-b10e-87d81b349dff,user0797@example.com,David,Booth,333-760-5743x211,1965-06-21,929 Katherine Mountains Apt. 969,Louisville,KY,USA,86739,POL-000797,home,2024-11-17,2026-11-17,4382.37,565533.6,2024-11-17,424,active,True,low,low,0.06300786300196223,4,7829.99,0
5bc02175-86b5-46a6-8bd8-5585cacfd7c3,user0798@example.com,Michelle,Young,817-265-9205x9483,2002-04-19,68011 English View,Cleveland,OH,USA,87222,POL-000798,auto,2021-04-10,2022-04-10,3140.56,237537.57,2021-04-10,1741,active,True,low,low,0.0700684246077577,8,39017.29,0
f66db79e-e8af-4bf0-b27d-3cdb68a1fd5a,user0799@example.com,Judy,Smith,(243)894-5349x7320,1951-12-22,3530 Robinson Underpass,Albuquerque,NM,USA,45575,POL-000799,health,2022-02-13,2023-02-13,24063.6,877260.7,2022-02-13,1432,active,True,low,low,0.032533333562890586,6,35347.229999999996,0
6b7718cb-f817-4dc1-bc60-27c36fbc00fe,user0800@example.com,Julie,Ho,+1-788-788-0497x04648,1970-09-14,693 Jennifer Bypass,Cleveland,OH,USA,44148,POL-000800,life,2025-11-11,2026-11-11,2566.41,476397.97,2025-11-11,65,active,True,low,low,0.021216798426045198,5,3651.7,0
df4689ba-20ba-4a5e-a1e3-095663150c0c,user0801@example.com,Danielle,Hayes,+1-341-819-3539x10389,1997-04-08,7095 Charles Parkways Suite 868,Cincinnati,OH,USA,94367,POL-000801,auto,2025-07-01,2026-07-01,1962.05,130002.75,2025-07-01,198,active,True,medium,medium,0.17441268374071028,13,54236.19,1
1e1e3ef5-6c76-49af-bfb9-c5310188cfca,user0802@example.com,Heather,Lopez,929-500-8892x585,1985-05-06,70377 Karen Drives,Nashville,TN,USA,07283,POL-000802,auto,2021-04-02,2023-04-02,3770.82,299918.3,2021-04-02,1749,active,True,high,high,0.36573196859685664,19,48724.62,11
5eea47fe-8ccf-4358-b71c-51190c2bd0d7,user0803@example.com,Andrea,Peters,001-948-353-0748,1996-08-28,95140 Brown Cliffs Apt. 361,Corpus Christi,TX,USA,65285,POL-000803,health,2022-11-17,2024-11-16,24502.86,872876.13,2022-11-17,1155,active,True,low,low,0.06214376855242561,9,58481.869999999995,0
f07144a4-fb75-4f21-831e-b88b7c7443bc,user0804@example.com,Aaron,Donaldson,754.712.3481x09452,2001-04-25,55614 Garcia Drives Suite 010,Louisville,KY,USA,80737,POL-000804,auto,2025-06-06,2027-06-06,3126.37,180918.1,2025-06-06,223,active,True,high,high,0.3030858739385288,13,44369.87,2
851b63f6-8518-4e2b-8b03-c2951288b469,user0805@example.com,David,Cook,001-541-476-1114,1964-07-26,652 Li Curve,Indianapolis,IN,USA,16681,POL-000805,life,2021-12-28,2023-12-28,4365.5,275855.35,2021-12-28,1479,active,True,low,low,0.028429838891648098,5,5360.19,0
208e2892-071d-4cb4-9bf4-8c686eeab9e0,user0806@example.com,Kristin,Davies,001-548-510-0112,2006-09-17,67965 Garrett Loaf,Henderson,NV,USA,85768,POL-000806,auto,2022-12-23,2024-12-22,2817.94,280670.36,2022-12-23,1119,active,True,low,low,0.07362851259299784,2,4979.36,0
34c4f678-84cc-4331-b896-19894fff22ce,user0807@example.com,John,Walker,001-236-984-1434x4622,1965-05-05,3890 Cross Land,Louisville,KY,USA,01472,POL-000807,home,2023-05-12,2024-05-11,6723.17,615568.07,2023-05-12,979,active,True,low,low,0.07272185502956455,9,16668.06,0
7f425cde-3f3b-414f-9352-1164a0d869ea,user0808@example.com,Rebecca,Daniel,428-316-8362x577,1951-07-25,74105 Sabrina Keys Suite 981,Phoenix,AZ,USA,49407,POL-000808,auto,2024-02-10,2025-02-09,1400.42,60753.49,2024-02-10,705,active,True,low,low,0.06070358878435443,6,5960.46,0
6c16263c-d743-43e8-ba5e-3f5bb853a87e,user0809@example.com,Christopher,Collins,(552)496-4352x217,1982-01-14,8729 Elizabeth Brooks,Lexington,KY,USA,20806,POL-000809,health,2022-09-26,2023-09-26,19910.16,532240.23,2022-09-26,1207,active,True,medium,medium,0.14875560209457914,13,68267.69,1
dc5a102d-88d4-400e-aed0-7bc2d9a7f98d,user0810@example.com,Dawn,Stevens,(765)913-4204,1979-12-13,14562 Perez Forge,Cleveland,OH,USA,08425,POL-000810,auto,2024-02-15,2025-02-14,3437.51,191021.23,2024-02-15,700,active,True,medium,medium,0.1310319057384267,13,27208.95,1
3950ebc9-1983-4d43-a1ef-0a11cc8c4103,user0811@example.com,Juan,Jones,6014131464,1954-11-22,7805 Beck Ridges,Chicago,IL,USA,18601,POL-000811,auto,2025-06-15,2027-06-15,5634.83,287164.04,2025-06-15,214,active,True,low,low,0.07261513591225081,8,10727.44,2
edd6868e-8399-4af6-afe7-612881966e01,user0812@example.com,Patricia,Church,9269049769,1990-05-25,9641 Jason Bridge Suite 649,San Jose,CA,USA,82101,POL-000812,home,2024-09-24,2025-09-24,8841.07,605448.06,2024-09-24,478,active,True,low,low,0.035220167547301784,5,6720.1,0
6360785e-0d03-4afe-9d5a-3ef6d2fc8852,user0813@example.com,Gary,West,(933)796-8007x1194,1952-10-21,220 Carl Ville Suite 042,Cincinnati,OH,USA,17355,POL-000813,health,2022-12-09,2023-12-09,26228.12,938139.96,2022-12-09,1133,active,True,high,high,0.3929524264060664,17,89690.31,5
2b5a3abc-66b5-4c8d-9c0f-70bc6f6fb033,user0814@example.com,Mike,Hudson,332.838.1433,2001-12-12,6974 Pruitt Loop,New York,NY,USA,76813,POL-000814,life,2025-10-26,2026-10-26,12148.94,1020498.34,2025-10-26,81,active,True,low,low,0.05398799635877806,5,4436.38,0
66fc4a24-33e0-4155-b80b-566e5ad3d7e3,user0815@example.com,Tony,Rodriguez,595.911.1578x72390,1956-11-06,602 Turner Fords Suite 245,Las Vegas,NV,USA,67279,POL-000815,health,2023-06-21,2025-06-20,2900.58,113934.21,2023-06-21,939,active,True,low,low,0.020147275186630655,4,6876.65,0
21c79e60-1d14-46d1-9a40-98d42cc61cbd,user0816@example.com,Tina,Dawson,001-793-971-4787x5080,1986-05-29,8444 Bruce Street,Denver,CO,USA,64378,POL-000816,health,2023-09-22,2025-09-21,30583.17,950670.79,2023-09-22,846,active,True,medium,medium,0.14037014933223163,3,6415.04,1
72da80dd-5a3d-4402-a8b9-e30500486c47,user0817@example.com,Kim,Guzman,(844)237-9366,1966-08-30,711 Richard Pine Apt. 773,Fresno,CA,USA,39278,POL-000817,home,2025-02-28,2026-02-28,8793.5,617384.13,2025-02-28,321,active,True,medium,medium,0.17699152227783374,18,23297.46,5
fb3813dc-9fd2-4065-b1f4-a1405bb27e3f,user0818@example.com,Steven,Chapman,784.852.7331x881,1978-10-11,35455 Harper Route Apt. 790,Austin,TX,USA,62915,POL-000818,auto,2025-02-25,2026-02-25,2359.57,146603.89,2025-02-25,324,active,True,medium,medium,0.13334705875366676,14,29684.17,2
d0de7b89-4b69-4218-afd5-3bf1d164d680,user0819@example.com,Dawn,Wall,+1-955-430-0173x1412,2005-10-22,29856 Vazquez Green,Long Beach,CA,USA,07351,POL-000819,health,2025-07-03,2026-07-03,32688.45,822059.93,2025-07-03,196,active,True,low,low,0.04078181018650966,4,46985.09,0
a1ef2c7c-7f2c-400a-84fd-8baabb06ae03,user0820@example.com,Matthew,Brewer,+1-625-417-7485x6526,1994-01-28,74282 Andrew Crossroad Apt. 410,Mesa,AZ,USA,55340,POL-000820,auto,2022-11-14,2023-11-14,4892.12,229411.4,2022-11-14,1158,active,True,high,high,0.2633463303804008,20,51227.46,4
974fce64-6c57-4c90-9993-897ba827db3d,user0821@example.com,Ashley,Williams,(865)220-1487,1986-03-02,72500 Vickie Crest Suite 693,Mesa,AZ,USA,24011,POL-000821,auto,2022-07-02,2024-07-01,781.34,72771.1,2022-07-02,1293,active,True,medium,medium,0.14677948254394899,10,31251.309999999998,0
f69f9848-59a8-4ff5-bf91-97ac188d00b8,user0822@example.com,Jessica,Henderson,(406)596-1588x445,1973-01-22,10020 Vasquez Summit Apt. 406,Columbus,OH,USA,19346,POL-000822,auto,2021-05-02,2022-05-02,4314.09,277899.22,2021-05-02,1719,active,True,low,low,0.02273300935792115,6,12998.979999999998,0
738c1a2d-3168-4fab-8bc3-bcdfc94a40b7,user0823@example.com,Jacob,Copeland,875-219-6792,1969-08-08,3143 Roach Fall Apt. 704,Arlington,TX,USA,28942,POL-000823,home,2022-04-06,2023-04-06,2299.95,364305.51,2022-04-06,1380,active,True,low,low,0.06914987000577379,10,14915.3,0
8b12ffab-58bd-4aa3-83ad-039c22ff81ea,user0824@example.com,Gail,Huynh,522.828.7499x589,1978-04-06,86017 Rollins Spurs Suite 873,Atlanta,GA,USA,66385,POL-000824,auto,2021-06-06,2022-06-06,4249.01,204509.38,2021-06-06,1684,active,True,low,low,0.04352177208821548,5,6552.07,0
a5c60553-484b-4739-8eff-7586dbf11b3f,user0825@example.com,Zachary,Wilson,530-752-9238,2003-08-15,37750 Mitchell Pine,Columbus,OH,USA,04429,POL-000825,home,2024-11-07,2026-11-07,8542.54,588003.65,2024-11-07,434,active,True,low,low,0.06767313766530234,6,8983.16,0
a0368585-711c-49b3-88f5-17d11f414649,user0826@example.com,John,Lopez,389-868-4604x126,1992-01-11,4279 James Radial Suite 021,Anchorage,AK,USA,39538,POL-000826,home,2023-01-09,2024-01-09,8433.78,774789.23,2023-01-09,1102,active,True,low,low,0.020662828712766656,9,6303.9,0
d6c78e19-866e-4d70-aab9-1b3d1f291e8b,user0827@example.com,Chris,Cruz,001-304-276-1029x6544,1993-12-23,77029 Ellis Wells Apt. 503,Sacramento,CA,USA,42625,POL-000827,auto,2024-05-22,2025-05-22,940.84,61511.29,2024-05-22,603,active,True,high,high,0.3953975804904005,21,72473.61,11
613cd1b2-02fb-4a8c-9fc9-e85aea22c43e,user0828@example.com,Margaret,Jackson,324.264.5604x851,2002-11-25,3226 Jacobs Trace Apt. 178,San Jose,CA,USA,44644,POL-000828,home,2023-02-08,2024-02-08,2997.74,214467.1,2023-02-08,1072,active,True,low,low,0.05116658105326592,3,2366.9700000000003,0
d2b3e05e-1053-4e95-8236-5eefb3dda5f0,user0829@example.com,Michael,Dawson,+1-572-691-6942x22925,1954-02-20,7617 Brooks Oval Apt. 245,Albuquerque,NM,USA,68763,POL-000829,home,2021-08-10,2023-08-10,7457.17,541707.12,2021-08-10,1619,active,True,low,low,0.07569300773885566,10,17513.55,1
383e5225-8376-4f3d-9b48-b9c0cd8e98c1,user0830@example.com,Abigail,Huffman,666.207.9833,1979-11-02,8361 Whitaker Ports,Anchorage,AK,USA,24422,POL-000830,home,2025-07-11,2026-07-11,4564.64,647649.29,2025-07-11,188,active,True,medium,medium,0.1496851787842825,13,32923.22,1
e42b94fb-427a-424d-94d4-407ec44e8b2a,user0831@example.com,Robert,Sullivan,+1-280-480-7956x5300,1997-02-09,0936 Juan Well Apt. 928,New York,NY,USA,05174,POL-000831,home,2025-04-18,2027-04-18,8218.61,586132.68,2025-04-18,272,active,True,high,high,0.3262520762361015,21,63767.73,10
4ceac4f2-96f3-4c36-858f-c0864dc0f662,user0832@example.com,Jeffrey,Solis,421-437-4727x939,1989-10-13,542 Morrow Streets Apt. 933,Boston,MA,USA,52303,POL-000832,health,2022-03-18,2024-03-17,37020.56,954078.1,2022-03-18,1399,active,True,high,high,0.3073489246840361,18,186702.66999999998,10
cec08dda-0b38-4efb-a8e4-d8e76fa88f99,user0833@example.com,Monica,Dixon,(340)872-8195,2003-05-29,809 Jose Road,Memphis,TN,USA,27745,POL-000833,health,2024-09-09,2025-09-09,15292.16,428087.77,2024-09-09,493,active,True,low,low,0.02729304564385463,6,15181.07,0
301df48e-cdbc-45da-ae96-c1da3fc6b7a2,user0834@example.com,Jennifer,Kim,545-422-7594x267,1990-01-11,22155 Dustin Causeway Apt. 699,Anchorage,AK,USA,25089,POL-000834,auto,2022-03-12,2024-03-11,2503.21,205007.9,2022-03-12,1405,active,True,low,low,0.029597775048059254,5,3122.68,1
e59218d6-aa70-407d-b891-32d845f2105b,user0835@example.com,Jacob,Randolph,445.611.6516x086,1998-05-14,33966 Stacy Junctions Suite 529,Seattle,WA,USA,53729,POL-000835,health,2024-12-03,2026-12-03,8552.2,245820.17,2024-12-03,408,active,True,medium,medium,0.15468360985258878,13,52889.57,2
86aacbdf-91ee-4a85-a6c8-26c8cf524d1b,user0836@example.com,Kevin,Moyer,518-313-2072,1983-11-07,465 Dalton Trail,Long Beach,CA,USA,54344,POL-000836,auto,2023-01-05,2025-01-04,2563.07,239220.9,2023-01-05,1106,active,True,medium,medium,0.19673047463423315,7,9716.1,4
cbde684b-3d1b-4a57-8925-efefd33cb425,user0837@example.com,Ryan,Neal,851.967.6559x99196,1973-08-02,36449 Parks Vista,Columbus,OH,USA,38422,POL-000837,life,2025-09-21,2026-09-21,1530.0,122618.49,2025-09-21,116,active,True,low,low,0.041000417858640795,10,4681.27,0
d260467b-3348-45ce-b385-dcd4692d8303,user0838@example.com,Elizabeth,Rojas,542.349.1626,1978-11-22,4222 Michaela Springs Suite 219,Lincoln,NE,USA,63359,POL-000838,auto,2022-03-18,2023-03-18,3355.92,206483.26,2022-03-18,1399,active,True,low,low,0.05734913232237378,2,717.95,0
f9de418e-1c46-495c-b8ca-8c332f26bfde,user0839@example.com,William,Barnett,+1-790-534-7317x51029,1992-04-21,83327 Andrew Island Apt. 513,San Francisco,CA,USA,42159,POL-000839,home,2021-12-30,2022-12-30,4848.92,555867.67,2021-12-30,1477,active,True,low,low,0.03680319233699339,8,10168.09,0
79bd0232-e4ef-4fa7-9981-55c797f910d6,user0840@example.com,Jessica,Rollins,001-643-917-1916x335,1986-06-23,3382 Turner Oval Suite 892,Detroit,MI,USA,90853,POL-000840,auto,2024-04-15,2026-04-15,1947.99,99860.08,2024-04-15,640,active,True,low,low,0.05414401989452537,10,26402.99,0
d76dfa07-ff9c-42bd-ad4c-0e0006331f93,user0841@example.com,Antonio,Leblanc,(699)745-8028,1976-10-07,198 Ronald Fall Suite 499,Arlington,TX,USA,26122,POL-000841,auto,2024-05-28,2025-05-28,4372.95,183864.58,2024-05-28,597,active,True,low,low,0.06114218308333623,8,21069.760000000002,1
44a9d891-2222-4001-b420-07304eaad289,user0842@example.com,Kevin,Wright,(851)333-8613x67461,1974-12-10,4337 Timothy Skyway,Austin,TX,USA,91508,POL-000842,home,2021-07-27,2022-07-27,2119.08,276937.97,2021-07-27,1633,active,True,low,low,0.07011473286428015,7,13992.45,0
17641fcf-85cc-47c8-81dd-13ea5e28dc72,user0843@example.com,Patrick,Miller,647.206.9531x2178,1988-06-29,729 Griffin Divide Apt. 418,Miami,FL,USA,56866,POL-000843,life,2025-03-11,2027-03-11,5764.7,531583.27,2025-03-11,310,active,True,low,low,0.05638746653261274,8,3539.0499999999997,1
a422a121-0234-4bb5-a103-d4ac9de40dbd,user0844@example.com,James,Gilbert,967-687-5864,1950-11-13,255 Natalie Mission,San Francisco,CA,USA,44393,POL-000844,life,2021-11-19,2023-11-19,13274.51,1575616.14,2021-11-19,1518,active,True,high,high,0.2537213995063849,22,19182.54,4
8d749b0d-f2c8-4726-b6bc-13eef471007a,user0845@example.com,Aaron,Myers,961-443-8403,1999-01-26,4576 Bonnie Corners Suite 250,Minneapolis,MN,USA,81308,POL-000845,health,2022-09-01,2023-09-01,14511.57,695017.53,2022-09-01,1232,active,True,low,low,0.07019562674785707,12,32074.600000000002,0
4ba18017-abb2-437c-8b2b-7a137d1e1b25,user0846@example.com,James,Byrd,5383552882,2004-08-03,967 Patricia Wall,Cincinnati,OH,USA,40960,POL-000846,health,2022-10-19,2024-10-18,14023.06,486476.91,2022-10-19,1184,active,True,low,low,0.023937679720144423,5,29320.739999999998,0
5c7628c9-4c84-4c31-94cf-208fb93ac18c,user0847@example.com,Michael,Lyons,+1-459-491-9776x38586,1969-06-01,76366 Wayne Court Apt. 716,Seattle,WA,USA,49117,POL-000847,life,2022-01-19,2024-01-19,10055.42,885644.56,2022-01-19,1457,active,True,medium,medium,0.17621016850589216,15,9048.14,2
d5e81538-71d5-4d5d-ae3a-a56edf4a3815,user0848@example.com,Tammy,Peterson,001-455-639-4506x98958,1981-04-01,99728 Nguyen Road,Las Vegas,NV,USA,36770,POL-000848,home,2025-05-05,2026-05-05,7519.11,677583.95,2025-05-05,255,active,True,low,low,0.026635180637837284,7,29828.88,0
2d619b21-d3a5-416a-b401-30b77907c0dc,user0849@example.com,Betty,Haynes,001-294-831-4914x21544,1976-11-13,42857 Johnson Brooks Suite 277,Philadelphia,PA,USA,03087,POL-000849,home,2021-08-23,2022-08-23,4985.77,477655.96,2021-08-23,1606,active,True,low,low,0.06025753406261314,10,11113.560000000001,2
2259ffe6-7e6f-4620-9e92-ff26fa186a41,user0850@example.com,John,Murray,(830)777-9975x1090,1994-07-01,407 Margaret Forks,Mesa,AZ,USA,37265,POL-000850,home,2022-01-16,2023-01-16,4743.7,406012.03,2022-01-16,1460,active,True,low,low,0.03369066302775027,8,13532.66,0
bcb08986-9f67-43fc-8fed-fea5c60cdfb8,user0851@example.com,Ricky,Cox,4414170829,1953-02-03,1390 Harry Spurs,New Orleans,LA,USA,47149,POL-000851,auto,2025-10-15,2026-10-15,2587.03,136625.22,2025-10-15,92,active,True,high,high,0.3956462994790091,14,46923.14,6
03bb16b5-e678-4730-9bac-a9eb9179db8a,user0852@example.com,Krista,Davis,947.529.9055x523,1990-04-21,9757 Edwards Plains,San Diego,CA,USA,37620,POL-000852,auto,2021-04-05,2022-04-05,5105.28,275164.14,2021-04-05,1746,active,True,low,low,0.04195978449739615,4,6811.63,0
2b2844d1-5fed-47cf-b2ff-1b59649f2a36,user0853@example.com,Makayla,Hall,238.584.6519,1991-05-23,82413 David Underpass,Long Beach,CA,USA,06928,POL-000853,health,2022-06-15,2023-06-15,15824.18,591273.46,2022-06-15,1310,active,True,low,low,0.03505354258123107,9,47800.55,0
00f49b45-615d-49e0-84c8-df9b6c38f4ba,user0854@example.com,Kelli,Scott,001-549-603-5934x1773,1991-09-13,071 Marilyn Courts,Fort Worth,TX,USA,82493,POL-000854,auto,2023-01-24,2025-01-23,4856.72,209132.58,2023-01-24,1087,active,True,low,low,0.05197341970349592,10,23070.69,0
4cf0ccfd-159c-4997-84cb-11053db33218,user0855@example.com,Erik,Owen,+1-206-239-2318x67811,1958-12-26,836 Browning Trail,Sacramento,CA,USA,89072,POL-000855,health,2025-04-16,2026-04-16,11994.28,321254.5,2025-04-16,274,active,True,medium,medium,0.1549020524511653,11,45672.590000000004,1
728121f4-8bb3-427b-8c33-4ec592ea8de8,user0856@example.com,Mary,Mcguire,795.635.6441x193,2002-10-24,286 Brittany Port Suite 240,Albuquerque,NM,USA,87475,POL-000856,health,2021-09-27,2023-09-27,3722.51,162220.0,2021-09-27,1571,active,True,low,low,0.06165360896250227,12,72688.55,1
8dbd1149-8fab-4b8c-84b8-3218216f85f1,user0857@example.com,Wayne,Baker,+1-220-231-7591x450,1988-01-09,2869 Christina Freeway Apt. 067,Henderson,NV,USA,30186,POL-000857,auto,2021-10-27,2023-10-27,1218.09,63353.44,2021-10-27,1541,active,True,medium,medium,0.12379188623449311,19,53111.37,1
b5c2a561-3b5f-43d1-9e8f-67c506bbff21,user0858@example.com,Samantha,Lopez,(453)548-0249x6689,2005-11-18,552 Charles Springs Apt. 544,Fort Worth,TX,USA,40894,POL-000858,life,2022-02-20,2024-02-20,8381.45,1002676.07,2022-02-20,1425,active,True,low,low,0.07118871899351549,8,6654.05,0
e4c4d98e-f8c9-40c4-ab93-ca894d8012c4,user0859@example.com,Kyle,Wheeler,5744051870,1959-11-26,5990 Maxwell Glen Apt. 910,Columbus,OH,USA,27869,POL-000859,health,2023-10-16,2025-10-15,10658.38,377912.83,2023-10-16,822,active,True,low,low,0.040859940245531995,2,8195.3,0
cadb8c36-d343-4875-bd22-d11b1f1d6eef,user0860@example.com,Hayley,Rodriguez,9374281029,1984-07-28,5126 Steven Row Apt. 796,St. Louis,MO,USA,86383,POL-000860,health,2021-12-01,2023-12-01,17456.17,680623.41,2021-12-01,1506,active,True,low,low,0.03773594749909271,7,27899.63,0
e453c411-1b8f-4ea0-8cc8-d0b1c5b448d4,user0861@example.com,Jared,Johnson,(425)317-6668,2002-08-04,6213 Kevin Ports Suite 829,Atlanta,GA,USA,48673,POL-000861,home,2024-10-04,2026-10-04,8427.66,681471.05,2024-10-04,468,active,True,high,high,0.294597656426807,14,13471.66,3
18aa909a-a208-4182-bbe6-5825c4170111,user0862@example.com,Sharon,Sanders,692-695-9099,1954-05-24,5376 Karina Trace Apt. 564,Minneapolis,MN,USA,67092,POL-000862,health,2025-11-05,2026-11-05,25234.39,758092.44,2025-11-05,71,active,True,low,low,0.027838929901798898,9,42105.11,0
0ad8ea0c-c2e4-4c6f-a4ff-7a3b8ab81da8,user0863@example.com,Ross,Collins,766.295.5770x5186,1973-01-09,5115 Lawrence Dam Suite 687,Fresno,CA,USA,00865,POL-000863,health,2022-10-22,2024-10-21,3770.13,111908.15,2022-10-22,1181,active,True,medium,medium,0.12152781244825635,11,52015.42,0
44dee931-eb29-45d3-8a76-fe6a96132554,user0864@example.com,Gabriel,Baker,+1-579-450-8046x606,1979-04-20,416 Kathryn Isle,New York,NY,USA,00508,POL-000864,auto,2022-08-03,2024-08-02,2662.92,241530.44,2022-08-03,1261,active,True,medium,medium,0.18611190189957066,9,21448.2,1
af9fed7b-9e1d-4bdb-9293-de65ed4cc979,user0865@example.com,Crystal,Martin,+1-692-625-2123x8029,1990-08-20,76351 Dixon Greens Suite 151,Fresno,CA,USA,17744,POL-000865,life,2025-05-01,2026-05-01,9353.26,745671.35,2025-05-01,259,active,True,medium,medium,0.15704944271603605,19,14152.37,3
b031fc0c-70aa-4d97-adad-5dc818cade86,user0866@example.com,Stacie,Hill,001-389-838-5335x84999,1984-04-12,9522 Pearson Islands,San Francisco,CA,USA,10877,POL-000866,health,2024-05-26,2026-05-26,34246.78,925187.35,2024-05-26,599,active,True,low,low,0.0506011627836819,12,55173.0,0
dd5a9396-a68c-43ed-898b-611b0e8a878d,user0867@example.com,Adrian,Steele,381-374-9731,1966-09-10,36098 Sarah Center Suite 045,Laredo,TX,USA,79821,POL-000867,home,2021-09-07,2022-09-07,2525.44,269256.54,2021-09-07,1591,active,True,medium,medium,0.18739824305612518,10,9305.69,2
e0d831a2-91ad-4acc-90c4-b988e5b88d69,user0868@example.com,Cynthia,Garcia,+1-774-600-5975x8344,1959-10-14,420 Cervantes Wells,Portland,OR,USA,67829,POL-000868,auto,2024-10-17,2025-10-17,2246.68,118467.95,2024-10-17,455,active,True,low,low,0.06795595795759808,8,27470.8,1
421c32aa-bd6c-4938-9507-698d702689a9,user0869@example.com,Courtney,Avery,749-307-8725x50541,1985-03-14,5770 Clayton Prairie,Houston,TX,USA,50186,POL-000869,life,2021-12-21,2022-12-21,3935.44,708105.17,2021-12-21,1486,active,True,medium,medium,0.148869328158411,10,7122.42,3
e6ffc4e9-63a7-4f83-9db7-025b7164a2ab,user0870@example.com,Anthony,Mathews,(516)894-1351x2848,1999-03-19,9582 Ford Circle Suite 992,New York,NY,USA,18387,POL-000870,health,2024-04-28,2025-04-28,20517.54,943379.56,2024-04-28,627,active,True,low,low,0.053474046728630556,5,28257.34,0
0c0e893e-3531-4e58-b74c-017e93dd581a,user0871@example.com,Mary,Rodriguez,(369)249-0608x276,1950-08-31,1209 Diaz Radial,Memphis,TN,USA,93361,POL-000871,auto,2023-02-12,2025-02-11,2134.38,194440.77,2023-02-12,1068,active,True,low,low,0.046053115770105055,9,30091.85,1
357b3ad8-5924-426b-8be5-126547f16c03,user0872@example.com,Brandy,Cook,001-673-349-4385x63375,1964-02-13,870 Ann Corners Apt. 133,Los Angeles,CA,USA,62531,POL-000872,auto,2024-12-04,2026-12-04,5582.78,270743.87,2024-12-04,407,active,True,low,low,0.07210775473684823,6,14228.07,2
671cdcb7-f4a0-4fa3-83b3-9440d774f7f6,user0873@example.com,Natalie,Mayer,231.943.2417,2000-12-23,78796 John Pass,Long Beach,CA,USA,64111,POL-000873,auto,2024-02-02,2025-02-01,1140.31,54637.05,2024-02-02,713,active,True,low,low,0.0409863474137047,8,26821.73,0
1d99f5b2-00fa-4d85-802d-9c6a429d15fe,user0874@example.com,Christina,Williams,513.722.0822x04484,1956-07-19,816 Willis Mountains Apt. 042,Milwaukee,WI,USA,88137,POL-000874,life,2024-10-31,2025-10-31,4508.93,873070.22,2024-10-31,441,active,True,medium,medium,0.1335834111640758,10,4888.45,1
d6ecedc3-2789-423c-bf63-f088d3c75cd7,user0875@example.com,Victoria,Garza,2283422417,1981-04-23,137 Lowe Fords,Denver,CO,USA,34244,POL-000875,health,2025-05-22,2026-05-22,11586.91,328495.61,2025-05-22,238,active,True,medium,medium,0.17503872172189358,11,47806.93,1
d9af0ff2-aa44-4579-9e4b-25d9a4f1daf2,user0876@example.com,Valerie,Solomon,879-425-1733x35813,1994-02-14,52979 Tran Heights,Long Beach,CA,USA,53459,POL-000876,auto,2021-03-18,2022-03-18,3787.8,163141.13,2021-03-18,1764,active,True,low,low,0.04527148278952345,6,7803.95,1
ef838b71-9f60-4a80-8e8a-19553b79ed2e,user0877@example.com,Christopher,Benton,6062208212,1976-07-19,4536 Maria Crossroad Apt. 350,Detroit,MI,USA,83467,POL-000877,auto,2021-11-30,2023-11-30,3434.87,195276.56,2021-11-30,1507,active,True,low,low,0.04391848011178304,8,19086.87,0
eab1c6bb-6e0c-47d9-893f-375e1460fe10,user0878@example.com,Daniel,Nelson,+1-668-795-0929x184,1965-10-16,972 Phillips Ville Apt. 047,Dallas,TX,USA,33361,POL-000878,health,2025-04-21,2026-04-21,15402.23,707910.06,2025-04-21,269,active,True,low,low,0.06098481040844812,8,39222.340000000004,0
b634b849-9563-488c-90cf-c63aeccb92d7,user0879@example.com,Kristopher,Martinez,675-863-9490,1968-12-02,4465 Collins Cliff Suite 525,Henderson,NV,USA,18147,POL-000879,auto,2024-12-20,2026-12-20,2500.19,116624.3,2024-12-20,391,active,True,low,low,0.03540880886103435,5,12017.869999999999,0
ad44e5af-07cf-43b2-bcf4-b63f23603c3e,user0880@example.com,William,Dixon,+1-664-465-0893x04317,1954-06-22,69975 Rose Ridges,Kansas City,MO,USA,28636,POL-000880,auto,2024-07-21,2026-07-21,1508.99,75052.84,2024-07-21,543,active,True,medium,medium,0.12062077186699395,9,14605.85,1
d617b4f0-0013-4f21-9f96-ccfe1bb7a3af,user0881@example.com,Timothy,Kidd,001-571-654-2241x2503,1993-12-17,7223 Mcintyre Cape,Laredo,TX,USA,58768,POL-000881,home,2023-06-23,2025-06-22,7596.14,787651.92,2023-06-23,937,active,True,low,low,0.06904989539154,6,6241.0,0
200dd1dc-56a6-4f65-bc03-8dd914b7ce37,user0882@example.com,Casey,Webb,970.906.3239,1962-03-16,10858 Tammy Mount Suite 582,Anchorage,AK,USA,54903,POL-000882,life,2022-07-11,2023-07-11,30064.44,1790935.15,2022-07-11,1284,active,True,low,low,0.03777534519900705,8,4072.79,0
9b6e6400-c4ac-4961-8c48-2d08413c03f8,user0883@example.com,Erik,Miller,+1-345-310-8858x998,2002-12-06,81783 Taylor Row Apt. 643,Nashville,TN,USA,26777,POL-000883,home,2025-10-04,2027-10-04,6532.07,490527.84,2025-10-04,103,active,True,low,low,0.07376170191949959,1,714.14,0
e09c6ae6-345a-44e5-baf1-1b2562d57166,user0884@example.com,Brianna,Rios,653-243-3497x19720,1998-02-06,42430 Chloe Common,Kansas City,MO,USA,89720,POL-000884,health,2024-04-29,2026-04-29,8331.63,256850.81,2024-04-29,626,active,True,low,low,0.021498254026047874,9,53530.65,0
178e4bc1-c251-43ac-b78d-b19972feb74c,user0885@example.com,Kathryn,Walker,(533)224-3087x2447,2003-07-24,12579 Michael Club,Milwaukee,WI,USA,07034,POL-000885,auto,2024-09-27,2025-09-27,2277.61,155923.29,2024-09-27,475,active,True,high,high,0.3857632185082397,12,14666.759999999998,8
07936842-77e7-48a3-94a1-15b82bd1498a,user0886@example.com,Melissa,Carroll,327.724.4952x07699,1958-05-09,19778 Rodriguez Lodge,Indianapolis,IN,USA,47461,POL-000886,auto,2021-10-08,2022-10-08,3111.18,206784.6,2021-10-08,1560,active,True,low,low,0.06032506343636378,8,12253.570000000002,0
cdbea525-55c0-4c5e-9965-acf5855efbb6,user0887@example.com,Brian,Rodriguez,+1-900-854-4027,1953-06-19,16257 Davis Bypass,Chicago,IL,USA,03036,POL-000887,health,2025-04-23,2027-04-23,10816.12,291133.59,2025-04-23,267,active,True,low,low,0.023515453262608125,7,23161.6,0
61e7a487-df89-4603-9fca-29a39b66308a,user0888@example.com,Michelle,Christensen,(674)739-7384x718,1979-03-17,02129 Amanda Fields Suite 372,San Antonio,TX,USA,43781,POL-000888,home,2022-02-11,2024-02-11,4244.66,621779.4,2022-02-11,1434,active,True,high,high,0.34148031024783065,25,67616.29,13
9674113b-734d-45e4-b91c-00c208365b59,user0889@example.com,Clarence,Larson,903.610.2623x70506,1982-05-06,522 Mark Vista,Austin,TX,USA,52053,POL-000889,health,2025-03-01,2027-03-01,17866.23,643075.82,2025-03-01,320,active,True,low,low,0.05345854360058952,2,9986.07,0
634c63bd-eeee-4d01-8d52-24e5a8ffd79f,user0890@example.com,Lisa,Padilla,276-531-6914x559,1972-05-12,4237 Vanessa Glens,Baltimore,MD,USA,57777,POL-000890,home,2022-09-20,2024-09-19,3658.19,406058.35,2022-09-20,1213,active,True,low,low,0.06566663530911547,8,4261.25,2
283b1de6-de69-4d1a-baf0-b77dce7d485f,user0891@example.com,Michelle,Mcgee,(226)676-1747,1996-09-17,24205 Green Drive Suite 497,Jacksonville,FL,USA,70283,POL-000891,auto,2023-02-27,2025-02-26,3356.25,153925.89,2023-02-27,1053,active,True,high,high,0.33190368899811257,22,59785.35,8
0ce58c5b-52a6-4129-b97d-d276e9bda947,user0892@example.com,Joseph,Olson,+1-260-334-8973x116,1970-03-22,99521 Kelsey Route Suite 424,Plano,TX,USA,01134,POL-000892,auto,2021-04-20,2023-04-20,2940.91,117683.43,2021-04-20,1731,active,True,low,low,0.03850130423793861,11,12092.66,0
6ec3bae2-2cd5-43b2-9450-44062f426ff9,user0893@example.com,Andrew,Figueroa,579.708.6808,1980-08-15,8364 Baker Points Suite 597,Tucson,AZ,USA,75796,POL-000893,auto,2021-07-03,2023-07-03,4202.46,185883.59,2021-07-03,1657,active,True,medium,medium,0.19066946384247296,15,31724.54,2
1b4a3bdf-0053-4a1b-bafe-785409e70462,user0894@example.com,Kathleen,Webb,(454)929-0436,1968-12-25,785 Lindsay Mission Suite 725,Anchorage,AK,USA,30984,POL-000894,auto,2023-11-11,2024-11-10,1148.11,60511.2,2023-11-11,796,active,True,low,low,0.07128920317953127,10,24140.11,0
9efe974a-ca9c-4567-a6d7-efbf4103945e,user0895@example.com,William,Cook,3865789451,1989-06-09,6719 Steven Extension,St. Louis,MO,USA,28859,POL-000895,home,2021-04-27,2023-04-27,2727.0,425389.24,2021-04-27,1724,active,True,medium,medium,0.1767459082220774,10,18094.41,3
e69d2934-b3b4-47f4-9572-253069569660,user0896@example.com,Daniel,Wiley,001-229-759-6351x8757,1961-11-12,93613 Calvin Inlet,Atlanta,GA,USA,53893,POL-000896,auto,2023-03-26,2024-03-25,1149.03,104058.22,2023-03-26,1026,active,True,medium,medium,0.16563088796609815,11,19755.579999999998,1
12c4adab-5fa6-40a1-accb-d0a949c4751a,user0897@example.com,Tammy,Howell,529.441.0367x5806,1991-03-03,11713 Karen Squares Suite 097,San Diego,CA,USA,13784,POL-000897,home,2022-05-28,2023-05-28,9034.13,613981.41,2022-05-28,1328,active,True,medium,medium,0.1266944790598158,12,26157.329999999998,0
afba5bb8-c885-4b92-a923-e24faff0d6a5,user0898@example.com,Robert,Ellis,4879737316,1970-01-19,4601 Allen Locks,Denver,CO,USA,84028,POL-000898,auto,2023-09-07,2025-09-06,6201.86,262859.67,2023-09-07,861,active,True,low,low,0.05038230041270872,3,7368.11,0
1b581adc-8462-4550-91d4-5850d6738847,user0899@example.com,Denise,Ramos,300-297-0183x2566,1971-12-17,537 Adam Circle,New York,NY,USA,03211,POL-000899,health,2024-01-31,2026-01-30,7579.12,209360.05,2024-01-31,715,active,True,medium,medium,0.15850209204092935,18,68188.92,4
92cdeebf-08eb-4bcd-b37b-902ebf1bb116,user0900@example.com,Samantha,Christensen,(312)268-3905,1957-02-09,169 Kristine Stream,Madison,WI,USA,77574,POL-000900,home,2021-07-16,2022-07-16,8040.04,767030.33,2021-07-16,1644,active,True,low,low,0.07719065229578835,2,423.01,0
1e8cfc7f-9257-4c3b-8b33-9f13198fc897,user0901@example.com,Krista,Moon,(498)471-0149x41163,1993-03-04,96429 Hunter Lights Apt. 672,Cincinnati,OH,USA,14728,POL-000901,health,2021-08-06,2022-08-06,22857.38,711215.95,2021-08-06,1623,active,True,medium,medium,0.1651850224868946,14,108408.92,4
6f2cbf1c-08dd-409b-b2ee-c9feb9712f5e,user0902@example.com,Nancy,Smith,(454)649-6550,2003-08-09,182 Bass Greens,Milwaukee,WI,USA,83930,POL-000902,auto,2021-05-08,2023-05-08,4249.67,262146.91,2021-05-08,1713,active,True,medium,medium,0.14029574639966486,9,13468.970000000001,0
c08d51b1-78c9-4f91-aad7-b396853b3608,user0903@example.com,Mark,Owens,(795)402-4242x633,1963-03-19,548 Jimenez Crossing Apt. 202,Lexington,KY,USA,02681,POL-000903,auto,2023-08-30,2024-08-29,2570.11,135926.77,2023-08-30,869,active,True,low,low,0.03128881563256454,11,23642.93,0
bb862a38-fa50-4c64-b740-84658b591214,user0904@example.com,Hannah,Gilbert,+1-420-431-8676x7448,1979-08-20,073 Bradley Village Suite 963,Louisville,KY,USA,04602,POL-000904,home,2023-01-15,2024-01-15,5497.08,634525.9,2023-01-15,1096,active,True,medium,medium,0.12294222341864719,13,52485.78,1
bef27f0d-b35a-47d1-aaca-0429a80d6356,user0905@example.com,Robin,Butler,362.296.0296x499,1964-12-11,64954 Little Vista Suite 465,Louisville,KY,USA,61813,POL-000905,life,2024-07-11,2026-07-11,11371.5,1186576.92,2024-07-11,553,active,True,low,low,0.04973147739871068,10,5312.31,1
4cbc44aa-17bc-41c7-870e-dafb97b1462c,user0906@example.com,Stacey,Sanchez,+1-971-553-4278x9328,1958-07-05,6654 Anderson Wall,Long Beach,CA,USA,40493,POL-000906,health,2023-05-07,2024-05-06,22480.76,675598.44,2023-05-07,984,active,True,high,high,0.3121300831456965,22,206219.63,9
c3585756-580d-431a-8bc8-75c2c84ad6f4,user0907@example.com,Kaylee,Roberts,(745)640-3002x14366,1970-11-13,823 Tina Inlet,Henderson,NV,USA,44134,POL-000907,home,2024-11-17,2026-11-17,6186.38,739855.77,2024-11-17,424,active,True,medium,medium,0.14354573953849886,18,17023.29,1
9812f707-3361-4353-82b1-b088bf3ce8b2,user0908@example.com,Jeffery,Hughes,222.389.6575x49203,1961-09-29,619 Rachel Spring Suite 701,San Francisco,CA,USA,41225,POL-000908,home,2024-08-26,2025-08-26,1991.05,278440.84,2024-08-26,507,active,True,medium,medium,0.17249823923270452,8,11056.77,1
3a49de98-0ad6-498e-b869-ed9100030e3c,user0909@example.com,Darius,Miller,001-381-362-3153x9428,1970-10-24,650 Nicholas Rapid Suite 505,Phoenix,AZ,USA,58064,POL-000909,life,2025-06-02,2026-06-02,17388.56,1630710.16,2025-06-02,227,active,True,medium,medium,0.18309491433851394,13,7500.33,1
07e29743-3d9e-4585-8796-dde08225272a,user0910@example.com,Catherine,Floyd,(215)610-9810,1967-02-22,27732 Erica Isle,Kansas City,MO,USA,52533,POL-000910,auto,2025-02-19,2027-02-19,3448.9,146429.18,2025-02-19,330,active,True,low,low,0.034339195265340586,8,17610.33,0
edcd4146-8838-4116-93d6-593b1219defc,user0911@example.com,Dustin,Day,+1-338-308-2632x6763,1967-12-26,075 Michele Parkway,Cincinnati,OH,USA,62857,POL-000911,auto,2023-11-13,2025-11-12,3652.46,246445.54,2023-11-13,794,active,True,high,high,0.2556231935304489,14,28654.55,4
399e70bb-7b57-4a58-bd80-cc68513a2a22,user0912@example.com,Joshua,Adams,(864)329-3064,1966-05-09,381 Crawford Station,Virginia Beach,VA,USA,95425,POL-000912,home,2025-12-31,2027-12-31,2059.75,364432.52,2025-12-31,15,active,True,low,low,0.022995349139802744,8,15253.949999999999,0
c71fbeb8-fc6e-4f6d-be40-7980fd47f31c,user0913@example.com,Amber,Larson,440-958-4743x89475,1996-07-03,459 Gaines Point,Austin,TX,USA,77781,POL-000913,health,2021-09-16,2023-09-16,14422.92,537009.58,2021-09-16,1582,active,True,low,low,0.045102134607920424,5,37674.090000000004,2
1d4882cd-5b00-4969-9943-e126809c7929,user0914@example.com,Jacob,Salinas,354-304-2100x14996,1994-03-07,8545 Ariel Villages Apt. 579,Jacksonville,FL,USA,72117,POL-000914,health,2023-10-02,2024-10-01,23653.74,896214.14,2023-10-02,836,active,True,high,high,0.3071663989012424,21,105007.98999999999,5
b291f425-9822-46bb-bd8c-4b4ca6ed34d2,user0915@example.com,Sarah,Bray,(792)433-9530x02553,2000-04-14,3773 Gregory Knolls Apt. 458,Madison,WI,USA,94793,POL-000915,home,2022-12-09,2023-12-09,6545.06,440394.71,2022-12-09,1133,active,True,medium,medium,0.18568989008941794,17,15861.07,0
9a30100e-787c-4d2b-8f0a-447dcf4cec56,user0916@example.com,Lindsay,Martinez,711-575-1733,1973-11-22,215 Matthew Prairie Suite 438,Cincinnati,OH,USA,65443,POL-000916,auto,2025-03-28,2026-03-28,1147.13,75042.33,2025-03-28,293,active,True,medium,medium,0.15223782400987154,16,28969.19,1
a4e39a5e-550a-4731-a941-18bbe5f66433,user0917@example.com,Thomas,Ellis,235-793-5891,1995-06-24,256 Jennifer Orchard Apt. 964,Chandler,AZ,USA,26598,POL-000917,auto,2025-06-19,2027-06-19,4252.45,175234.67,2025-06-19,210,active,True,low,low,0.06572650800184625,3,3907.6,0
074274e5-241a-4c3d-a473-42a96fb40e4f,user0918@example.com,James,Martinez,920-699-2868,1958-12-03,5153 Sandoval Turnpike Apt. 097,Milwaukee,WI,USA,98625,POL-000918,auto,2024-05-27,2025-05-27,3641.59,163981.11,2024-05-27,598,active,True,low,low,0.04284173214064063,5,25048.72,0
d102486d-3e80-4ce8-8434-db2d84d1ac7b,user0919@example.com,Barry,Reyes,+1-391-828-5685x944,1966-08-09,11156 Collins Burgs,Long Beach,CA,USA,22802,POL-000919,life,2025-10-05,2027-10-05,2883.35,509972.49,2025-10-05,102,active,True,high,high,0.29581157964572724,12,9328.550000000001,9
9b014cbb-8314-4346-8bb3-cc899358507f,user0920@example.com,Megan,Garcia,3607363235,2000-04-27,165 Davis Square,Indianapolis,IN,USA,08605,POL-000920,auto,2022-12-21,2024-12-20,1328.76,57120.95,2022-12-21,1121,active,True,high,high,0.3622217903654712,25,100958.7,12
3a04d702-ed6e-40e4-9d57-8f1c3d2aebfb,user0921@example.com,Jessica,Allen,+1-287-914-8454x430,1987-06-29,777 Martinez Hill Suite 518,Nashville,TN,USA,28021,POL-000921,auto,2025-03-21,2026-03-21,2452.72,127392.34,2025-03-21,300,active,True,low,low,0.05204610140515192,6,8383.32,0
2ef9bebe-761d-4718-9c28-d422d63f3803,user0922@example.com,John,Todd,(833)263-0575x786,1976-04-28,50766 Williams Lights,Nashville,TN,USA,75943,POL-000922,auto,2021-07-10,2023-07-10,2470.74,175632.41,2021-07-10,1650,active,True,low,low,0.07685615009646334,5,8549.71,0
70bc47c6-42bf-4145-a2dc-9a47238ec84e,user0923@example.com,Michael,Robertson,(426)810-6896x553,1994-04-22,4141 Emily Bridge Suite 396,San Francisco,CA,USA,68709,POL-000923,health,2024-03-28,2025-03-28,13094.33,395960.76,2024-03-28,658,active,True,low,low,0.03677566223139392,7,26348.33,0
27bc0dd0-e458-4671-a3bf-39b41ca6fca8,user0924@example.com,Megan,Flores,001-360-500-1820x87163,1991-04-10,1918 Angelica Walks,Denver,CO,USA,14366,POL-000924,life,2022-06-15,2023-06-15,5975.04,596141.57,2022-06-15,1310,active,True,medium,medium,0.15714131362287517,11,6204.74,1
8135efb2-cdfa-4503-a081-adc2cb6a62da,user0925@example.com,Amanda,Hutchinson,(716)950-1817,1974-06-16,80867 Curry Crossroad,Portland,OR,USA,54436,POL-000925,auto,2025-10-21,2026-10-21,1446.6,82982.46,2025-10-21,86,active,True,high,high,0.2659928909208135,16,42086.0,2
df9e487a-b11f-439b-849b-a24e6702df1a,user0926@example.com,Carla,Miller,(789)332-8166,1978-04-25,13197 Hudson Crescent Apt. 527,Fresno,CA,USA,89153,POL-000926,auto,2021-09-10,2023-09-10,2193.92,198602.35,2021-09-10,1588,active,True,low,low,0.03535297316268651,11,18892.760000000002,0
d502823a-6ada-497c-af8e-48b43fc387ba,user0927@example.com,Lauren,Logan,(859)837-6511x825,1986-05-08,63917 Taylor Trafficway Suite 483,Lincoln,NE,USA,54687,POL-000927,home,2025-10-15,2027-10-15,4743.5,536631.7,2025-10-15,92,active,True,low,low,0.03612364816788745,4,4692.94,0
c6ed6c99-e0f1-4a7d-ba50-05f019d02db5,user0928@example.com,Christopher,Rojas,841.235.0334,1991-06-06,687 Griffin Rue Suite 654,Chicago,IL,USA,93412,POL-000928,auto,2021-11-24,2023-11-24,1510.72,127851.41,2021-11-24,1513,active,True,medium,medium,0.18917272911119135,9,20739.4,2
e450c02c-5808-44cb-922e-3b9a93424e5b,user0929@example.com,Douglas,Robertson,639.282.1255x8877,2002-03-25,31513 Duran Light Suite 086,Cleveland,OH,USA,42865,POL-000929,home,2022-04-20,2023-04-20,3090.73,446295.87,2022-04-20,1366,active,True,low,low,0.06470796490990399,8,8562.4,0
cd62056b-0089-4fb4-b0d9-eecb89700fcc,user0930@example.com,Christine,Gillespie,001-438-774-4771x341,1993-03-16,1065 Wilcox Dale,Boston,MA,USA,80569,POL-000930,health,2024-07-02,2025-07-02,7525.79,287953.32,2024-07-02,562,active,True,low,low,0.04851364802010441,8,59200.94,0
0e4313ac-275f-47ad-b41e-d12c9df59511,user0931@example.com,Tiffany,Oliver,566.556.2067x039,2006-10-26,774 Bradford Bypass Suite 397,Minneapolis,MN,USA,16492,POL-000931,home,2024-09-08,2026-09-08,7122.1,586637.7,2024-09-08,494,active,True,medium,medium,0.14340901819387722,16,86925.67,3
e89c8b03-5a85-4b56-b6a6-a0eaff04d003,user0932@example.com,Kathleen,Meyer,001-300-934-0935x827,1961-07-12,31066 Campbell Mews,Miami,FL,USA,92555,POL-000932,auto,2024-10-13,2025-10-13,6579.6,296234.47,2024-10-13,459,active,True,low,low,0.029879281295361777,7,16070.94,0
61363f7f-6fde-408b-a0ce-318da2c98b72,user0933@example.com,Megan,Mason,978-787-9788x845,1977-01-08,14917 Butler Rue Apt. 692,Houston,TX,USA,30031,POL-000933,auto,2022-11-01,2023-11-01,1414.32,78572.82,2022-11-01,1171,active,True,low,low,0.07147971336364152,12,20786.48,0
03cfcb93-edfd-4b38-bd88-6961abc860d2,user0934@example.com,Ashley,Gomez,8836278668,1958-07-06,26503 Natalie Dam,Philadelphia,PA,USA,34779,POL-000934,auto,2024-03-25,2026-03-25,3920.51,176973.55,2024-03-25,661,active,True,low,low,0.07034729618636988,11,22124.43,0
41f5632e-8535-4fa2-bb31-16aef5262a9f,user0935@example.com,Joseph,Jackson,001-976-851-3352x9495,1953-02-11,108 Buchanan Roads Apt. 970,Virginia Beach,VA,USA,39956,POL-000935,health,2021-07-04,2022-07-04,6280.58,200620.33,2021-07-04,1656,active,True,low,low,0.0349215085682681,6,33823.27,1
fcbfc359-be57-4293-8b2f-4f811943b363,user0936@example.com,Jamie,Krueger,+1-876-412-9767,1956-08-16,4561 Griffith Vista,Phoenix,AZ,USA,16294,POL-000936,auto,2024-11-25,2026-11-25,640.14,63046.26,2024-11-25,416,active,True,medium,medium,0.12177276284356171,13,26333.15,0
15cf4ee8-0de3-42c3-8910-13a54c7bf9b1,user0937@example.com,James,Ortega,234.689.9531x20085,1952-10-22,41703 Moran Falls,Phoenix,AZ,USA,32436,POL-000937,auto,2022-10-04,2024-10-03,2611.78,105305.38,2022-10-04,1199,active,True,low,low,0.038360366312536594,10,12581.98,0
4f195444-7b47-42aa-93bd-0ea7b32afced,user0938@example.com,Jennifer,Robinson,942.841.4718,1959-06-18,7942 Corey Via,Denver,CO,USA,14082,POL-000938,health,2025-01-10,2027-01-10,18410.96,710254.34,2025-01-10,370,active,True,low,low,0.05369696958748729,7,21971.54,1
0dc789fc-e145-44fc-a998-a3c657ad1c0a,user0939@example.com,Tyler,Adams,001-421-651-7507x96313,1989-11-28,619 Lyons Roads Suite 196,Louisville,KY,USA,51903,POL-000939,health,2023-07-06,2025-07-05,33053.34,883729.38,2023-07-06,924,active,True,medium,medium,0.16631492475256027,10,65068.46,2
d2857088-89b1-4a56-b23f-21d7343a8ead,user0940@example.com,Christopher,Bell,9657868623,1990-06-04,1712 Barbara Ports Apt. 917,Tucson,AZ,USA,50266,POL-000940,health,2021-11-23,2023-11-23,24369.02,703181.47,2021-11-23,1514,active,True,low,low,0.055242464007548536,7,61579.47,0
9fcaacf8-ae55-4550-8323-c5d93525d197,user0941@example.com,Timothy,Wade,001-970-602-2796x24452,2005-01-29,039 Mason Throughway,Memphis,TN,USA,05742,POL-000941,auto,2024-08-23,2026-08-23,5448.1,218290.18,2024-08-23,510,active,True,medium,medium,0.18241535435744255,13,16055.900000000001,1
888a5578-d6c9-43a5-a838-af1cb4beb5aa,user0942@example.com,Krista,Mitchell,594-491-8684x98749,1950-06-27,68687 Deborah Ford,Minneapolis,MN,USA,62162,POL-000942,health,2023-02-20,2024-02-20,28600.93,906268.83,2023-02-20,1060,active,True,low,low,0.0516441372302035,4,17692.57,0
31139da3-6860-4b4e-aca1-f8f86f5bee7f,user0943@example.com,Tara,Rojas,885.645.7653x0924,1961-12-08,22257 Smith Club,Arlington,TX,USA,18605,POL-000943,health,2022-11-15,2024-11-14,25230.39,970256.25,2022-11-15,1157,active,True,medium,medium,0.18051563810940255,7,8769.78,0
bc0c44ff-2fdf-4180-8a87-2bb48949f5d1,user0944@example.com,Phillip,Goodwin,001-450-894-5573x149,1974-07-05,477 Smith Point,Stockton,CA,USA,20452,POL-000944,health,2021-11-08,2023-11-08,8051.72,299795.54,2021-11-08,1529,active,True,low,low,0.06639852021185581,6,12108.31,0
c79ed3e5-d82b-40a9-a8a4-f2b9187c5a7f,user0945@example.com,Tammy,Brown,600-324-5886,1986-07-08,969 Morrison Shoals,Fort Worth,TX,USA,99700,POL-000945,home,2025-01-23,2026-01-23,7780.25,551979.99,2025-01-23,357,active,True,low,low,0.03130928299631832,14,22589.55,1
c72fe8a1-9486-4b1d-bca8-0f46dd24ea83,user0946@example.com,Danielle,Campos,+1-833-483-3876x883,1970-01-29,3868 Rhonda Lane,Louisville,KY,USA,46191,POL-000946,auto,2024-12-10,2026-12-10,2567.2,110835.97,2024-12-10,401,active,True,low,low,0.031941061520899226,8,21268.3,0
eee7e6db-1e63-4c91-bb05-364388323a03,user0947@example.com,Douglas,Cook,299.837.8735x2199,2004-09-03,603 Sarah Fall Suite 086,Phoenix,AZ,USA,61278,POL-000947,life,2021-12-09,2022-12-09,27270.26,1694273.85,2021-12-09,1498,active,True,low,low,0.07224357839913173,2,647.54,0
23c62a54-606e-4785-8efa-57a7ba99233b,user0948@example.com,Jennifer,Ortiz,+1-962-581-0767x7786,1990-09-16,81905 Baker Meadows Apt. 305,Charlotte,NC,USA,28751,POL-000948,auto,2021-10-22,2022-10-22,1431.88,74425.8,2021-10-22,1546,active,True,medium,medium,0.15477523141308688,7,10604.69,1
3014dea6-aa2e-4594-90b0-2778141b23d2,user0949@example.com,Juan,Barnett,(642)961-0332,1978-12-05,1884 Christina View Suite 613,San Diego,CA,USA,19012,POL-000949,auto,2024-06-30,2025-06-30,2159.84,206514.88,2024-06-30,564,active,True,low,low,0.0781934805129058,6,8620.96,1
1deeee7e-9a56-4174-a336-baf444e3fdff,user0950@example.com,Andrew,Allen,(872)747-6398x572,1952-01-16,84385 Anthony Road Suite 692,Atlanta,GA,USA,91893,POL-000950,home,2023-12-09,2025-12-08,10832.82,772478.36,2023-12-09,768,active,True,low,low,0.06741466855406884,11,49267.43,1
3ee614e9-815e-4fba-b15e-0bd5481a02ff,user0951@example.com,Deanna,Walter,705-614-9048x73597,1963-02-16,3649 Garcia Circle Suite 799,Los Angeles,CA,USA,83863,POL-000951,health,2025-12-01,2027-12-01,11245.62,345710.8,2025-12-01,45,active,True,low,low,0.0696760594911114,4,20906.9,0
f4ed0d54-9eb8-476f-b7dc-00ca1392a492,user0952@example.com,Douglas,Martin,001-264-461-5330x027,1976-09-24,076 Gallagher Square Suite 938,Baltimore,MD,USA,91187,POL-000952,home,2023-04-05,2025-04-04,8741.03,793205.33,2023-04-05,1016,active,True,low,low,0.06713706524111862,8,9315.19,0
a6969eb8-9fe5-4314-a05b-b9358f8c2617,user0953@example.com,Luis,King,486.290.1681,1978-12-02,06991 Diaz Key,Arlington,TX,USA,74999,POL-000953,health,2021-03-25,2022-03-25,15006.03,508968.78,2021-03-25,1757,active,True,medium,medium,0.15742901898886258,13,60955.52,3
579e3fe9-5462-4215-bd2b-628712d8ee43,user0954@example.com,Brenda,Stanley,(444)455-6523,1955-08-08,1399 Rios Mission Suite 993,Henderson,NV,USA,27843,POL-000954,auto,2022-02-17,2024-02-17,3836.38,271611.25,2022-02-17,1428,active,True,low,low,0.028306558067932426,4,4362.58,0
6e6223c1-405a-4746-9285-82105131246d,user0955@example.com,John,Miller,(595)890-7056x95106,2002-06-09,87408 Caleb Views,Tucson,AZ,USA,25502,POL-000955,auto,2025-09-22,2026-09-22,1977.51,167826.1,2025-09-22,115,active,True,medium,medium,0.18797307021087242,12,48072.35,3
ba3dc7ac-5485-48d6-883d-fe032550f203,user0956@example.com,Gloria,Lane,+1-838-421-4528x789,1979-05-07,28405 Charles Knolls,Sacramento,CA,USA,06705,POL-000956,home,2025-12-11,2027-12-11,6452.06,586708.89,2025-12-11,35,active,True,high,high,0.302505835207893,20,54733.51,7
788ddd3e-df72-41e3-8fc4-195dd4b4c211,user0957@example.com,Michelle,Castro,719.812.6048,1968-12-10,440 Amy Village,Plano,TX,USA,56582,POL-000957,health,2022-08-22,2024-08-21,9251.66,316723.16,2022-08-22,1242,active,True,low,low,0.048837244016998634,7,45964.130000000005,0
27acf459-6e60-4deb-a9b6-a93a30b9c61e,user0958@example.com,Kyle,Jones,001-827-405-4874x87056,1963-02-03,6094 Sims Well,Cleveland,OH,USA,14665,POL-000958,health,2022-10-20,2023-10-20,21275.4,696756.74,2022-10-20,1183,active,True,medium,medium,0.1276764603957272,12,221312.09000000003,6
97ea0b75-3225-4ebb-b8d5-61b66252e0cc,user0959@example.com,Michele,Taylor,001-235-706-6566x05059,1987-05-21,5789 Margaret Mountains Apt. 919,Corpus Christi,TX,USA,40921,POL-000959,life,2022-11-03,2024-11-02,12517.68,1487946.48,2022-11-03,1169,active,True,high,high,0.2652835969005094,12,7947.27,3
e66bd5a5-0ca9-4579-a658-d5443854ce3b,user0960@example.com,Jeremiah,Hernandez,001-290-335-2196,1951-08-07,4714 John Run Apt. 211,Minneapolis,MN,USA,10235,POL-000960,health,2023-06-23,2024-06-22,28938.65,895503.01,2023-06-23,937,active,True,high,high,0.26954925468845387,18,156944.93,7
a3841c04-c505-4cfd-b800-29229494bb21,user0961@example.com,Beverly,Anderson,+1-562-337-7381x3309,2007-11-06,37803 Cruz Union Apt. 287,Nashville,TN,USA,35139,POL-000961,auto,2025-02-07,2027-02-07,5822.38,260562.4,2025-02-07,342,active,True,high,high,0.28464105388311006,19,53361.05,4
9578ed60-6ddc-479f-819b-5b6763381f1b,user0962@example.com,Linda,Butler,(786)568-0580x0058,1981-08-14,5015 Walker Plains Suite 781,San Diego,CA,USA,73877,POL-000962,auto,2024-03-14,2025-03-14,2693.8,267722.95,2024-03-14,672,active,True,high,high,0.2531537210829403,20,44881.35,4
60ab046c-5312-42b0-a4b1-335e84b58925,user0963@example.com,Susan,Gibson,001-849-814-8815x144,1955-05-31,1710 Mikayla Lodge Suite 626,Minneapolis,MN,USA,51735,POL-000963,health,2024-03-19,2026-03-19,13123.95,609007.89,2024-03-19,667,active,True,low,low,0.029757697778943024,6,9465.710000000001,0
de6df777-ba7e-4de5-a601-d5c1c43e65e2,user0964@example.com,Angela,Roberts,253-463-7766x59959,1988-06-22,2381 White Light Suite 484,Jacksonville,FL,USA,80966,POL-000964,home,2023-03-06,2025-03-05,8657.06,622631.65,2023-03-06,1046,active,True,medium,medium,0.19327125077893625,11,31546.78,5
57c6da1f-c258-4efa-8813-10c7164e9a97,user0965@example.com,Alisha,Myers,562-388-3635x8053,1988-03-20,313 Jordan Via,Fort Worth,TX,USA,14823,POL-000965,auto,2024-04-08,2026-04-08,3698.66,237842.94,2024-04-08,647,active,True,low,low,0.030403356850479783,5,8191.71,0
67f32f18-5e14-4627-af9f-91cc268b3772,user0966@example.com,Peggy,Martin,347.934.4793x72239,1994-05-01,682 Michael Plains,Sacramento,CA,USA,45212,POL-000966,health,2025-10-07,2026-10-07,22496.43,994035.51,2025-10-07,100,active,True,low,low,0.022957519941428268,12,129913.04000000001,0
a2215628-8b2f-44c4-9997-fec3f31ad654,user0967@example.com,Alexandra,Meza,631-235-7408x747,2000-03-22,729 Garcia Oval,Los Angeles,CA,USA,46010,POL-000967,health,2024-05-14,2026-05-14,27771.14,710617.19,2024-05-14,611,active,True,medium,medium,0.16088038108356695,10,82024.38,3
8e2ee434-e02e-41e3-9419-cda797acdd3e,user0968@example.com,Scott,Lawrence,3613834425,1979-05-22,5519 Keith Land Apt. 863,Atlanta,GA,USA,41300,POL-000968,health,2023-01-27,2025-01-26,9062.12,378782.71,2023-01-27,1084,active,True,high,high,0.3322180097472728,21,114336.75,8
6eac119f-176e-426a-885d-ef0dfded66b3,user0969@example.com,Adam,Estes,001-717-406-4914x45337,1951-03-16,9146 Noah Hills Apt. 573,Los Angeles,CA,USA,25114,POL-000969,auto,2023-10-10,2024-10-09,2434.83,114435.02,2023-10-10,828,active,True,high,high,0.2642479967465968,19,46606.39,10
ec4baf61-c0ed-4261-84d4-4569885e22b6,user0970@example.com,Paula,Holmes,2912341781,1978-04-13,1451 Aguilar Courts Suite 955,Phoenix,AZ,USA,70259,POL-000970,home,2023-05-31,2025-05-30,4012.14,294879.59,2023-05-31,960,active,True,low,low,0.04685253412797645,7,8044.639999999999,0
1e33c55f-e25c-4251-a09b-6b1212a7fe22,user0971@example.com,Amy,Mathews,(580)372-9661x8084,1972-03-25,272 Denise Brooks Apt. 704,San Diego,CA,USA,95326,POL-000971,auto,2024-11-28,2026-11-28,859.37,85457.21,2024-11-28,413,active,True,low,low,0.05192944909909014,7,13780.849999999999,0
ac453771-6950-47d0-aef3-c6a5d070412c,user0972@example.com,Joshua,Peterson,200.360.4519,1998-09-05,30027 Allen Dam Suite 223,Houston,TX,USA,65544,POL-000972,home,2025-09-21,2026-09-21,2467.35,365411.54,2025-09-21,116,active,True,low,low,0.0664832973565605,7,7766.26,0
af30f1be-15d5-49ec-b014-e9872c0b190b,user0973@example.com,Ronald,Vincent,6439260590,1963-08-08,2265 Lawrence Center,Atlanta,GA,USA,45586,POL-000973,auto,2022-02-23,2024-02-23,3064.39,290003.16,2022-02-23,1422,active,True,low,low,0.07865794019302833,7,19906.46,0
1f57debf-451c-4671-95bc-3a09eae093d3,user0974@example.com,Susan,Elliott,645.413.5996,1974-06-12,09897 Stuart Branch Suite 143,Virginia Beach,VA,USA,15502,POL-000974,auto,2025-05-05,2026-05-05,4199.74,284647.21,2025-05-05,255,active,True,high,high,0.3481459482301084,18,42988.32,9
dd5a084a-5d81-44cc-9fc2-c1e1316e762f,user0975@example.com,Paul,Davis,299-413-6564,1990-07-13,60062 Gary Pike Suite 357,Fresno,CA,USA,80352,POL-000975,health,2025-08-15,2027-08-15,22203.16,575817.27,2025-08-15,153,active,True,low,low,0.04572508450048125,5,22457.4,0
740ba79b-ecd0-413c-b81f-321498ab4ff4,user0976@example.com,Jacob,Lucas,494-658-9225x17475,1986-02-25,6551 Zachary Trail Suite 638,Austin,TX,USA,25160,POL-000976,life,2025-08-08,2027-08-08,19115.76,1923685.32,2025-08-08,160,active,True,low,low,0.07315542022500819,10,4001.89,0
ad990ad9-5d30-46ad-a361-f904affadd79,user0977@example.com,Ricky,Reed,903.710.1221x338,1995-08-18,14483 Roberts Trail Suite 749,Columbus,OH,USA,66886,POL-000977,home,2023-03-06,2025-03-05,3256.35,243609.39,2023-03-06,1046,active,True,low,low,0.03047275301020979,6,27175.44,0
9480bc4f-bdc1-4426-8152-800a21ae1039,user0978@example.com,Courtney,Montgomery,738.425.2543x09353,2005-12-23,73466 Shelby Meadows Apt. 471,Chicago,IL,USA,47416,POL-000978,home,2023-09-02,2025-09-01,10510.61,712950.18,2023-09-02,866,active,True,low,low,0.046369550754191816,9,11549.89,0
cc6f6107-f7ed-4865-9941-564fcd20a2a5,user0979@example.com,Manuel,Snow,3804103022,1962-03-14,1216 Derek Drives Suite 414,Atlanta,GA,USA,17090,POL-000979,home,2023-06-01,2024-05-31,3793.32,468734.81,2023-06-01,959,active,True,medium,medium,0.16019188222748287,15,26962.09,3
140ea0c9-5b63-46dc-9d62-88b93a5cc1a5,user0980@example.com,Robert,Hall,(362)714-4537,1987-07-04,1967 Snyder Parkway Apt. 115,Louisville,KY,USA,79865,POL-000980,auto,2025-09-18,2027-09-18,894.96,62205.51,2025-09-18,119,active,True,high,high,0.3679423460935338,22,76422.43,6
86416662-2186-44a4-bcdf-e66ce46dcc4b,user0981@example.com,Gregory,Herrera,(232)563-5546,1961-03-10,931 Nancy Walk Suite 719,Columbus,OH,USA,60137,POL-000981,auto,2021-07-16,2022-07-16,3553.84,210644.98,2021-07-16,1644,active,True,low,low,0.06753739719985413,10,10027.16,0
6e4b840a-62c1-472d-9a5e-8166362e3087,user0982@example.com,James,Kelley,(445)552-7876x260,1969-03-01,93099 Hicks Common Suite 078,Lexington,KY,USA,57730,POL-000982,health,2022-04-10,2024-04-09,33375.77,994047.5,2022-04-10,1376,active,True,medium,medium,0.1385476125239973,16,43456.92,1
551cf602-8266-409e-9cda-e5b7c19f7485,user0983@example.com,Ashley,Myers,001-699-938-1919,1965-11-12,31900 Keith Lake,Austin,TX,USA,44652,POL-000983,health,2023-07-07,2025-07-06,27337.94,781295.28,2023-07-07,923,active,True,low,low,0.05059244337838417,11,83558.72,0
5364a2b8-2aa9-4a0c-ba57-ee3455a0506e,user0984@example.com,Melanie,Murphy,001-863-873-5332x70289,2005-11-17,584 Chad Lights Apt. 106,Los Angeles,CA,USA,46970,POL-000984,auto,2021-08-08,2022-08-08,4641.03,191110.46,2021-08-08,1621,active,True,low,low,0.06757961908355067,5,10017.16,1
a85cd028-ce71-493f-9a2c-98ef48f12563,user0985@example.com,Karen,Torres,+1-747-939-6543x105,1978-10-06,02759 Williams Roads,Mesa,AZ,USA,72039,POL-000985,life,2025-05-09,2026-05-09,9111.93,913851.31,2025-05-09,251,active,True,medium,medium,0.19817932520003595,11,10538.82,3
bf546ecd-3381-4eb4-add6-5ba6dcfc8ffe,user0986@example.com,Kathryn,Kelley,+1-679-635-8434x231,1994-08-25,125 Williams Dam,Sacramento,CA,USA,84740,POL-000986,home,2025-12-26,2026-12-26,2914.74,449046.88,2025-12-26,20,active,True,low,low,0.07746915942879554,7,10414.49,0
93abf03e-4b10-49b8-8460-8925f8bae572,user0987@example.com,Adam,Weber,618.204.0999x15141,1970-10-26,501 Emily Neck,Cleveland,OH,USA,82977,POL-000987,auto,2025-11-18,2026-11-18,1936.88,186967.7,2025-11-18,58,active,True,high,high,0.3646330725763463,25,89519.84,8
ca8b9aac-f570-4cbe-87a9-ea0c8f854b2c,user0988@example.com,Evan,Guzman,(536)441-2264x7254,1966-08-04,604 Jon Plain,Seattle,WA,USA,11466,POL-000988,auto,2022-05-27,2023-05-27,1142.17,102759.58,2022-05-27,1329,active,True,medium,medium,0.14311314526430494,8,27900.420000000002,1
e5b43d4e-1d88-4f07-834c-7ccf83d4673f,user0989@example.com,Jean,Hill,(339)368-5276x820,1959-08-21,6142 Catherine Oval Apt. 209,Chandler,AZ,USA,61848,POL-000989,home,2023-04-22,2025-04-21,4093.58,529550.76,2023-04-22,999,active,True,low,low,0.034670449840665515,10,10423.95,1
49322493-0bf4-4ec2-812c-a9b51cc210cf,user0990@example.com,Alexis,Graham,551.559.1175,1956-11-03,53379 Smith Loaf,Long Beach,CA,USA,07242,POL-000990,home,2023-12-21,2025-12-20,2112.26,311906.61,2023-12-21,756,active,True,medium,medium,0.18984284812209096,16,25888.97,2
3a61bda3-5cdb-4786-bb79-ab876ca950ac,user0991@example.com,Deborah,Mcdonald,758.572.5371x7201,1963-12-19,32569 Nelson Track,Anchorage,AK,USA,33455,POL-000991,home,2022-07-31,2023-07-31,5284.38,357185.34,2022-07-31,1264,active,True,medium,medium,0.18377916600182403,10,11152.56,3
4f03ec30-46ef-483c-862d-45eed3005c36,user0992@example.com,Carlos,Bradshaw,611.651.9683,1959-03-13,631 Turner Forest Apt. 990,Denver,CO,USA,27547,POL-000992,health,2025-08-13,2027-08-13,10481.53,367372.49,2025-08-13,155,active,True,medium,medium,0.13487627563128213,10,10187.86,1
a04c35e7-c716-40da-9ba4-03acbf78cd8f,user0993@example.com,Denise,Collins,001-813-915-6536,1955-02-21,6351 Nguyen Ferry Apt. 325,Madison,WI,USA,90539,POL-000993,auto,2024-03-31,2026-03-31,6358.57,255014.84,2024-03-31,655,active,True,medium,medium,0.1261295851143719,9,17835.27,3
c6dc5a7c-b557-4835-9f3c-b30f3545553c,user0994@example.com,Kyle,Keller,001-729-579-9349x6577,2007-12-14,2197 Tiffany Loaf,Tucson,AZ,USA,39062,POL-000994,health,2022-02-13,2023-02-13,21152.17,783997.44,2022-02-13,1432,active,True,medium,medium,0.15630826045480417,13,130791.34,1
db5467e7-13d4-4802-9944-edb681ab26eb,user0995@example.com,Ryan,Davis,515.240.2447,2001-04-13,0163 Tyler Brooks Apt. 491,Atlanta,GA,USA,33621,POL-000995,home,2021-01-25,2023-01-25,3624.9,335866.26,2021-01-25,1816,active,True,low,low,0.05472170472305879,6,3826.18,0
c163cb7d-f8d0-4dd3-8c17-f6c1180546cc,user0996@example.com,Allen,Reed,(796)636-4272x1264,1961-10-17,8796 Hopkins Loaf Suite 269,Mesa,AZ,USA,67848,POL-000996,home,2021-07-19,2022-07-19,2860.33,390656.3,2021-07-19,1641,active,True,medium,medium,0.19030001110675948,16,34249.14,2
f6a49f70-cdb9-41bc-89fc-57dd0a927622,user0997@example.com,James,Stafford,433-332-7988,1998-03-03,67199 Jones Walks,Cleveland,OH,USA,79526,POL-000997,auto,2023-01-29,2025-01-28,4829.95,251133.15,2023-01-29,1082,active,True,low,low,0.02605292168320758,7,4406.08,0
00a46431-18d2-4654-9c6f-a28b29585376,user0998@example.com,Clifford,Fernandez,647-756-1603,2006-07-27,0682 Tara Mount,St. Louis,MO,USA,74728,POL-000998,health,2022-06-14,2024-06-13,8375.31,288176.36,2022-06-14,1311,active,True,low,low,0.029374646855115004,8,17333.64,0
9f49059c-4ca5-4cd4-8ef6-0bf8f6738401,user0999@example.com,Richard,Parker,509-466-1592,1992-06-23,908 Robles Cape Suite 903,Virginia Beach,VA,USA,07689,POL-000999,auto,2022-08-09,2024-08-08,2724.63,157387.28,2022-08-09,1255,active,True,low,low,0.028281656536273805,5,7812.76,0
